Riverdale,Elevator,Total Units,Year Built,Gross SqFt,Estimated Gross Income,Gross Income SQFT,Estimated Expense,Expense SQFT,Net Operating Income,Expense Ratio,Market Value SQFT,Market Value,
0,0,21,1910,"20,750","387,195",18.66,"170,773",8.23,"216,423",1.2673,78.6,"1,631,000",
0,0,17,1914,"19,250","340,725",17.7,"144,568",7.51,"196,158",1.3569,76.88,"1,480,000",
1,0,34,1948,"43,000","759,810",17.67,"350,880",8.16,"408,930",1.1654,71.72,"3,084,000",
0,0,24,1992,"23,760","465,934",19.61,"254,232",10.7,"211,702",0.8327,68.56,"1,629,000",
0,0,35,1916,"30,000","468,300",15.61,"190,500",6.35,"277,800",1.4583,67.93,"2,038,000",
0,0,16,1993,"15,840","274,982",17.36,"132,106",8.34,"142,877",1.0815,67.74,"1,073,000",
0,0,38,1924,"28,100","428,806",15.26,"168,319",5.99,"260,487",1.5476,67.54,"1,898,000",
1,0,17,1927,"28,536","430,323",15.08,"166,936",5.85,"263,387",1.5778,67.07,"1,914,000",
0,0,21,1964,"17,013","324,268",19.06,"175,064",10.29,"149,204",0.8523,67.07,"1,141,000",
0,0,12,1913,"11,500","173,650",15.1,"68,425",5.95,"105,225",1.5378,66.52,"765,000",
0,0,49,1925,"46,800","820,404",17.53,"424,476",9.07,"395,928",0.9327,63.72,"2,982,000",
0,0,13,1931,"10,055","147,607",14.68,"60,632",6.03,"86,976",1.4345,62.36,"627,000",
0,0,12,1918,"6,948","115,962",16.69,"58,850",8.47,"57,113",0.9705,61.17,"425,000",
0,0,23,1963,"16,506","254,853",15.44,"118,513",7.18,"136,340",1.1504,60.46,"998,000",
0,0,37,1928,"33,984","592,341",17.43,"320,809",9.44,"271,532",0.8464,60.03,"2,040,000",
0,0,16,1925,"10,032","173,353",17.28,"93,197",9.29,"80,156",0.8601,60.01,"602,000",
0,0,12,1918,"7,560","125,798",16.64,"65,092",8.61,"60,707",0.9326,59.79,"452,000",
0,0,48,1941,"30,552","507,163",16.6,"263,053",8.61,"244,110",0.928,59.51,"1,818,000",
0,0,37,1953,"27,225","481,883",17.7,"267,894",9.84,"213,989",0.7988,59.28,"1,614,000",
0,0,31,1925,"34,875","466,279",13.37,"174,724",5.01,"291,555",1.6687,58.7,"2,047,000",
0,0,42,1907,"25,926","444,890",17.16,"243,704",9.4,"201,186",0.8255,58.17,"1,508,000",
0,0,18,1992,"17,820","309,712",17.38,"171,785",9.64,"137,927",0.8029,58.14,"1,036,000",
0,0,18,1931,"10,220","184,982",18.1,"107,719",10.54,"77,263",0.7173,57.24,"585,000",
0,0,65,1926,"56,000","921,760",16.46,"490,560",8.76,"431,200",0.879,57.18,"3,202,000",
0,0,24,1916,"20,955","352,882",16.84,"195,510",9.33,"157,372",0.8049,56.02,"1,174,000",
0,0,30,1947,"31,150","460,397",14.78,"222,411",7.14,"237,986",1.07,55.22,"1,720,000",
0,0,20,1916,"15,000","250,350",16.69,"140,850",9.39,"109,500",0.7774,54.33,"815,000",
0,0,32,1926,"26,347","417,073",15.83,"228,955",8.69,"188,118",0.8216,52.49,"1,383,000",
0,0,17,1912,"11,748","184,561",15.71,"100,680",8.57,"83,881",0.8331,52.43,"616,000",
0,0,51,1923,"40,000","636,000",15.9,"355,200",8.88,"280,800",0.7905,51.65,"2,066,000",
0,0,20,1913,"16,120","279,521",17.34,"168,615",10.46,"110,906",0.6577,51.61,"832,000",
0,0,52,1923,"40,000","636,000",15.9,"355,600",8.89,"280,400",0.7885,51.58,"2,063,000",
0,0,11,1905,"10,845","188,161",17.35,"113,764",10.49,"74,397",0.654,51.54,"559,000",
0,0,42,1958,"32,400","545,616",16.84,"322,704",9.96,"222,912",0.6908,51.33,"1,663,000",
0,0,25,1926,"19,715","291,979",14.81,"152,791",7.75,"139,188",0.911,51.03,"1,006,000",
0,0,21,1910,"17,000","249,220",14.66,"130,730",7.69,"118,490",0.9064,50.29,"855,000",
0,0,23,1931,"20,580","295,735",14.37,"153,321",7.45,"142,414",0.9289,49.66,"1,022,000",
0,0,74,1927,"48,944","748,843",15.3,"419,450",8.57,"329,393",0.7853,49.14,"2,405,000",
0,0,20,1920,"23,770","381,271",16.04,"223,676",9.41,"157,595",0.7046,48.89,"1,162,000",
0,0,45,1931,"54,126","824,880",15.24,"463,319",8.56,"361,562",0.7804,48.68,"2,635,000",
0,0,27,1926,"17,000","268,090",15.77,"156,060",9.18,"112,030",0.7179,48.47,"824,000",
0,0,30,1914,"23,250","358,748",15.43,"205,298",8.83,"153,450",0.7475,48.22,"1,121,000",
0,0,73,1931,"64,727","990,323",15.3,"564,419",8.72,"425,904",0.7546,48.02,"3,108,000",
0,0,11,1931,"9,415","153,182",16.27,"92,173",9.79,"61,009",0.6619,48.01,"452,000",
0,0,15,1910,"10,560","142,349",13.48,"70,858",6.71,"71,491",1.0089,47.63,"503,000",
0,0,18,1989,"14,000","203,420",14.53,"110,880",7.92,"92,540",0.8346,47.57,"666,000",
0,0,30,1913,"22,202","307,276",13.84,"158,522",7.14,"148,753",0.9384,47.52,"1,055,000",
0,0,16,1908,"15,175","220,189",14.51,"120,945",7.97,"99,245",0.8206,47.05,"714,000",
0,0,107,1931,"90,600","1,272,024",14.04,"674,064",7.44,"597,960",0.8871,47.01,"4,259,000",
0,0,27,1926,"19,395","282,391",14.56,"156,130",8.05,"126,261",0.8087,46.92,"910,000",
0,0,15,1905,"10,776","163,795",15.2,"94,613",8.78,"69,182",0.7312,46.77,"504,000",
0,0,57,1925,"44,440","635,492",14.3,"347,521",7.82,"287,971",0.8286,46.42,"2,063,000",
0,0,25,1916,"18,225","264,263",14.5,"148,898",8.17,"115,364",0.7748,45.43,"828,000",
0,0,19,1910,"14,880","228,110",15.33,"135,706",9.12,"92,405",0.6809,45.36,"675,000",
0,0,26,1907,"23,740","314,318",13.24,"160,957",6.78,"153,360",0.9528,45.16,"1,072,000",
0,0,35,1915,"33,663","479,361",14.24,"266,948",7.93,"212,414",0.7957,45.15,"1,520,000",
0,0,16,1908,"18,000","285,120",15.84,"175,500",9.75,"109,620",0.6246,44.83,"807,000",
0,0,68,1928,"56,400","698,232",12.38,"331,632",5.88,"366,600",1.1054,44.52,"2,511,000",
0,0,44,1924,"51,000","752,250",14.75,"438,090",8.59,"314,160",0.7171,44.47,"2,268,000",
0,0,24,1910,"23,550","304,266",12.92,"153,782",6.53,"150,485",0.9786,44.37,"1,045,000",
0,0,19,1906,"16,875","217,519",12.89,"109,856",6.51,"107,663",0.98,44.27,"747,000",
0,0,15,1906,"20,655","297,639",14.41,"170,610",8.26,"127,028",0.7446,44.11,"911,000",
0,0,26,1931,"21,150","318,519",15.06,"190,773",9.02,"127,746",0.6696,43.83,"927,000",
0,0,49,1925,"31,335","452,164",14.43,"263,214",8.4,"188,950",0.7179,43.21,"1,354,000",
0,0,38,1907,"29,664","441,697",14.89,"265,789",8.96,"175,908",0.6618,42.88,"1,272,000",
1,0,70,1926,"117,929","1,617,986",13.72,"909,233",7.71,"708,753",0.7795,42.51,"5,013,000",
0,0,16,1931,"18,300","257,115",14.05,"148,779",8.13,"108,336",0.7282,42.19,"772,000",
0,0,16,1904,"14,300","200,486",14.02,"116,259",8.13,"84,227",0.7245,41.96,"600,000",
0,0,20,1912,"18,500","241,610",13.06,"130,240",7.04,"111,370",0.8551,41.95,"776,000",
0,0,21,1917,"18,710","282,147",15.08,"174,564",9.33,"107,583",0.6163,41.74,"781,000",
0,0,15,1906,"19,001","260,124",13.69,"148,968",7.84,"111,156",0.7462,41.37,"786,000",
0,0,31,1926,"27,150","407,522",15.01,"253,310",9.33,"154,212",0.6088,41.25,"1,120,000",
0,0,21,1916,"16,950","254,420",15.01,"158,144",9.33,"96,276",0.6088,41.24,"699,000",
0,0,29,1914,"27,495","371,457",13.51,"210,612",7.66,"160,846",0.7637,41.21,"1,133,000",
0,0,15,1906,"19,001","260,124",13.69,"149,348",7.86,"110,776",0.7417,41.21,"783,000",
0,0,36,1926,"30,800","404,404",13.13,"223,916",7.27,"180,488",0.8061,40.91,"1,260,000",
0,0,37,1920,"33,055","485,578",14.69,"298,817",9.04,"186,761",0.625,40.75,"1,347,000",
0,0,19,1928,"19,292","275,297",14.27,"166,104",8.61,"109,193",0.6574,40.59,"783,000",
0,0,20,1911,"18,450","258,669",14.02,"153,689",8.33,"104,981",0.6831,40.54,"748,000",
0,0,16,1993,"15,840","205,603",12.98,"113,256",7.15,"92,347",0.8154,40.53,"642,000",
0,0,21,1926,"24,900","307,764",12.36,"161,601",6.49,"146,163",0.9045,40.16,"1,000,000",
0,0,22,1922,"20,057","285,211",14.22,"173,092",8.63,"112,119",0.6477,39.99,"802,000",
0,0,25,1927,"24,100","269,438",11.18,"123,874",5.14,"145,564",1.1751,39.83,"960,000",
0,0,38,1920,"25,980","381,386",14.68,"237,977",9.16,"143,410",0.6026,39.8,"1,034,000",
0,0,43,1924,"36,000","527,400",14.65,"329,400",9.15,"198,000",0.6011,39.67,"1,428,000",
0,0,24,1927,"26,000","356,460",13.71,"211,120",8.12,"145,340",0.6884,39.54,"1,028,000",
0,0,20,1925,"16,950","240,860",14.21,"147,804",8.72,"93,056",0.6296,39.23,"665,000",
0,0,55,1928,"76,320","1,041,768",13.65,"618,955",8.11,"422,813",0.6831,39.19,"2,991,000",
0,0,16,1904,"14,300","192,907",13.49,"113,542",7.94,"79,365",0.699,39.09,"559,000",
0,0,22,1922,"23,802","326,801",13.73,"196,605",8.26,"130,197",0.6622,38.69,"921,000",
0,0,26,1916,"24,000","345,120",14.38,"216,240",9.01,"128,880",0.596,38.5,"924,000",
0,0,25,1930,"22,735","306,923",13.5,"182,789",8.04,"124,133",0.6791,38.49,"875,000",
0,0,20,1909,"21,500","255,205",11.87,"133,085",6.19,"122,120",0.9176,38.28,"823,000",
0,0,16,1927,"12,200","165,798",13.59,"100,040",8.2,"65,758",0.6573,38.03,"464,000",
0,0,15,1910,"13,475","180,296",13.38,"108,878",8.08,"71,418",0.6559,37.25,"502,000",
0,0,17,1927,"13,446","189,051",14.06,"118,997",8.85,"70,054",0.5887,37.11,"499,000",
0,0,36,1922,"41,107","545,079",13.26,"327,623",7.97,"217,456",0.6637,37.1,"1,525,000",
0,0,37,1925,"29,600","385,984",13.04,"228,216",7.71,"157,768",0.6913,37.09,"1,098,000",
0,0,48,1927,"38,720","465,802",12.03,"257,488",6.65,"208,314",0.809,36.44,"1,411,000",
0,0,11,1904,"14,175","161,170",11.37,"83,491",5.89,"77,679",0.9304,36.4,"516,000",
0,0,40,1925,"39,432","465,298",11.8,"252,365",6.4,"212,933",0.8438,36.39,"1,435,000",
0,0,70,1926,"57,080","730,053",12.79,"430,383",7.54,"299,670",0.6963,36.37,"2,076,000",
0,0,26,1915,"22,500","299,250",13.3,"183,825",8.17,"115,425",0.6279,36,"810,000",
0,0,44,1931,"35,715","476,081",13.33,"292,863",8.2,"183,218",0.6256,35.98,"1,285,000",
0,0,25,1914,"21,295","291,529",13.69,"183,776",8.63,"107,753",0.5863,35.78,"762,000",
0,0,14,1907,"13,425","183,788",13.69,"116,261",8.66,"67,528",0.5808,35.53,"477,000",
0,0,17,1927,"16,600","226,922",13.67,"143,590",8.65,"83,332",0.5803,35.48,"589,000",
0,0,61,1925,"55,750","649,488",11.65,"357,915",6.42,"291,573",0.8146,35.09,"1,956,000",
0,0,81,1925,"61,878","725,829",11.73,"402,826",6.51,"323,003",0.8018,35.07,"2,170,000",
0,0,31,1925,"34,875","418,151",11.99,"237,499",6.81,"180,653",0.7606,35.07,"1,223,000",
0,0,26,1922,"19,250","242,165",12.58,"144,568",7.51,"97,598",0.6751,34.91,"672,000",
0,0,44,1928,"35,700","479,808",13.44,"304,878",8.54,"174,930",0.5738,34.51,"1,232,000",
0,0,25,1905,"24,930","308,384",12.37,"183,485",7.36,"124,899",0.6807,34.26,"854,000",
0,0,25,1912,"17,220","228,337",13.26,"143,959",8.36,"84,378",0.5861,34.26,"590,000",
0,0,28,1931,"27,550","303,050",11,"159,515",5.79,"143,536",0.8998,34.19,"942,000",
0,0,15,1925,"14,850","181,319",12.21,"107,217",7.22,"74,102",0.6911,34.01,"505,000",
0,0,25,1917,"24,750","290,813",11.75,"165,825",6.7,"124,988",0.7537,33.98,"841,000",
0,0,26,1925,"21,917","284,702",12.99,"178,404",8.14,"106,297",0.5958,33.81,"741,000",
0,0,20,1913,"17,550","213,408",12.16,"126,360",7.2,"87,048",0.6889,33.73,"592,000",
0,0,24,1914,"21,025","261,341",12.43,"157,898",7.51,"103,443",0.6551,33.67,"708,000",
0,0,21,1926,"18,750","211,875",11.3,"117,563",6.27,"94,313",0.8022,33.33,"625,000",
0,0,25,1917,"24,750","296,010",11.96,"175,230",7.08,"120,780",0.6893,33.05,"818,000",
0,0,43,1933,"30,000","385,500",12.85,"243,300",8.11,"142,200",0.5845,32.87,"986,000",
0,0,26,1924,"18,000","234,540",13.03,"149,760",8.32,"84,780",0.5661,32.78,"590,000",
0,0,20,1913,"17,550","201,123",11.46,"115,655",6.59,"85,469",0.739,32.48,"570,000",
0,0,29,1924,"26,742","326,787",12.22,"200,298",7.49,"126,490",0.6315,32.23,"862,000",
0,0,13,1905,"14,516","177,531",12.23,"109,741",7.56,"67,790",0.6177,31.83,"462,000",
0,0,43,1923,"28,165","332,629",11.81,"200,535",7.12,"132,094",0.6587,31.6,"890,000",
0,0,46,1928,"46,210","585,943",12.68,"375,225",8.12,"210,718",0.5616,31.47,"1,454,000",
0,0,15,1910,"14,575","176,503",12.11,"109,604",7.52,"66,899",0.6104,31.22,"455,000",
0,0,11,1931,"10,675","133,224",12.48,"85,293",7.99,"47,931",0.562,30.82,"329,000",
0,0,40,1927,"36,560","367,794",10.06,"198,155",5.42,"169,638",0.8561,29.32,"1,072,000",
0,0,25,1914,"21,295","249,790",11.73,"159,925",7.51,"89,865",0.5619,28.36,"604,000",
0,0,11,1914,"17,100","195,966",11.46,"125,343",7.33,"70,623",0.5634,27.54,"471,000",
0,0,35,1912,"33,790","348,037",10.3,"204,430",6.05,"143,608",0.7025,27.17,"918,000",
0,0,20,1915,"21,750","243,165",11.18,"155,730",7.16,"87,435",0.5615,26.53,"577,000",
0,0,50,1926,"42,455","446,627",10.52,"274,684",6.47,"171,943",0.626,26.1,"1,108,000",
0,0,57,1926,"39,745","420,900",10.59,"269,471",6.78,"151,428",0.5619,24.61,"978,000",
0,0,32,1912,"26,650","273,429",10.26,"175,091",6.57,"98,339",0.5616,23.53,"627,000",
1,1,63,1959,"54,635","1,093,246",20.01,"435,987",7.98,"657,259",1.5075,92.83,"5,072,000",
1,1,252,1954,"247,247","4,855,931",19.64,"2,118,907",8.57,"2,737,024",1.2917,85.18,"21,061,000",
1,1,43,1963,"33,000","624,690",18.93,"265,980",8.06,"358,710",1.3486,83.03,"2,740,000",
0,1,68,1964,"57,414","1,061,585",18.49,"445,533",7.76,"616,052",1.3827,81.58,"4,684,000",
1,1,105,1952,"126,000","2,309,580",18.33,"956,340",7.59,"1,353,240",1.415,81.49,"10,268,000",
1,1,133,1961,"167,108","3,026,326",18.11,"1,385,325",8.29,"1,641,001",1.1846,74.37,"12,427,000",
1,1,58,1952,"70,000","1,230,600",17.58,"539,700",7.71,"690,900",1.2802,74.36,"5,205,000",
0,1,63,2009,"69,640","1,364,248",19.59,"690,132",9.91,"674,115",0.9768,74.35,"5,178,000",
0,1,45,1967,"39,959","746,834",18.69,"360,830",9.03,"386,004",1.0698,73.63,"2,942,000",
1,1,54,1962,"46,500","754,695",16.23,"294,345",6.33,"460,350",1.564,73.31,"3,409,000",
1,1,69,1953,"61,538","1,060,300",17.23,"462,766",7.52,"597,534",1.2912,72.87,"4,484,000",
0,1,28,1912,"26,739","477,024",17.84,"220,062",8.23,"256,962",1.1677,72.63,"1,942,000",
0,1,71,1939,"57,994","1,031,133",17.78,"474,971",8.19,"556,162",1.1709,72.4,"4,199,000",
0,1,65,1965,"55,800","1,100,934",19.73,"576,414",10.33,"524,520",0.91,72.4,"4,040,000",
0,1,129,1928,"127,566","2,409,722",18.89,"1,204,223",9.44,"1,205,499",1.0011,72.14,"9,203,000",
1,1,441,1970,"718,399","12,298,991",17.12,"5,474,200",7.62,"6,824,791",1.2467,71.17,"51,130,000",
0,1,54,1929,"50,000","967,000",19.34,"503,000",10.06,"464,000",0.9225,71.12,"3,556,000",
1,1,45,1962,"43,000","686,280",15.96,"274,770",6.39,"411,510",1.4977,70.56,"3,034,000",
0,1,101,1965,"116,222","1,947,881",16.76,"860,043",7.4,"1,087,838",1.2649,69.8,"8,112,000",
0,1,78,1955,"77,760","1,243,382",15.99,"510,883",6.57,"732,499",1.4338,69.46,"5,401,000",
1,1,73,1958,"111,000","1,692,750",15.25,"646,020",5.82,"1,046,730",1.6203,68.7,"7,626,000",
0,1,52,1964,"44,329","846,241",19.09,"448,609",10.12,"397,631",0.8864,68.65,"3,043,000",
0,1,44,1926,"40,428","832,008",20.58,"474,220",11.73,"357,788",0.7545,68.57,"2,772,000",
1,1,130,1969,"142,000","2,435,300",17.15,"1,143,100",8.05,"1,292,200",1.1304,68.15,"9,677,000",
1,1,69,1958,"85,117","1,435,073",16.86,"664,764",7.81,"770,309",1.1588,67.54,"5,749,000",
1,1,49,1954,"82,500","1,338,150",16.22,"589,050",7.14,"749,100",1.2717,67.24,"5,547,000",
1,1,52,1953,"82,559","1,405,154",17.02,"667,077",8.08,"738,077",1.1064,66.81,"5,516,000",
1,1,44,1939,"41,068","668,587",16.28,"305,546",7.44,"363,041",1.1882,65.45,"2,688,000",
1,1,52,1954,"64,520","1,106,518",17.15,"542,613",8.41,"563,905",1.0392,65.44,"4,222,000",
1,1,183,1961,"213,921","3,660,188",17.11,"1,796,936",8.4,"1,863,252",1.0369,65.26,"13,961,000",
1,1,196,1963,"255,000","5,079,600",19.92,"2,991,150",11.73,"2,088,450",0.6982,63.15,"16,102,000",
1,1,79,1954,"104,000","1,802,320",17.33,"933,920",8.98,"868,400",0.9298,62.72,"6,523,000",
0,1,28,1912,"32,932","588,824",17.88,"316,147",9.6,"272,677",0.8625,62.61,"2,062,000",
0,1,201,1957,"249,258","4,145,161",16.63,"2,063,856",8.28,"2,081,304",1.0085,62.15,"15,491,000",
1,1,159,1953,"217,360","3,564,704",16.4,"1,749,748",8.05,"1,814,956",1.0373,61.96,"13,468,000",
1,1,72,1958,"92,640","1,451,669",15.67,"675,346",7.29,"776,323",1.1495,61.5,"5,697,000",
1,1,462,1949,"395,000","5,770,950",14.61,"2,421,350",6.13,"3,349,600",1.3834,61.08,"24,125,000",
0,1,42,1915,"42,000","700,560",16.68,"357,840",8.52,"342,720",0.9577,60.76,"2,552,000",
1,1,437,1961,"404,890","5,923,541",14.63,"2,518,416",6.22,"3,405,125",1.3521,60.62,"24,546,000",
1,1,67,1970,"83,880","1,346,274",16.05,"660,974",7.88,"685,300",1.0368,60.34,"5,061,000",
1,1,56,1954,"59,352","1,001,268",16.87,"524,078",8.83,"477,190",0.9105,60.12,"3,568,000",
0,1,63,1960,"59,000","859,040",14.56,"371,700",6.3,"487,340",1.3111,59.49,"3,510,000",
0,1,191,1952,"220,000","3,592,600",16.33,"1,832,600",8.33,"1,760,000",0.9604,59.33,"13,053,000",
0,1,130,1963,"136,913","2,133,105",15.58,"1,025,478",7.49,"1,107,626",1.0801,59.23,"8,109,000",
1,1,60,1969,"60,829","908,177",14.93,"413,637",6.8,"494,540",1.1956,58.87,"3,581,000",
1,1,57,1956,"68,728","1,072,157",15.6,"527,144",7.67,"545,013",1.0339,58.16,"3,997,000",
1,1,38,1954,"47,000","749,180",15.94,"381,640",8.12,"367,540",0.9631,57.62,"2,708,000",
0,1,172,1963,"183,600","2,788,884",15.19,"1,343,952",7.32,"1,444,932",1.0751,57.28,"10,516,000",
0,1,117,1966,"122,000","1,810,480",14.84,"847,900",6.95,"962,580",1.1353,57.16,"6,973,000",
0,1,30,1931,"25,176","385,948",15.33,"189,324",7.52,"196,625",1.0386,57,"1,435,000",
1,1,145,1953,"201,511","3,383,370",16.79,"1,845,841",9.16,"1,537,529",0.833,56.94,"11,475,000",
0,1,269,1962,"289,000","4,719,370",16.33,"2,499,850",8.65,"2,219,520",0.8879,56.88,"16,438,000",
1,1,54,1950,"51,000","818,550",16.05,"426,360",8.36,"392,190",0.9199,56.75,"2,894,000",
0,1,190,1930,"174,400","3,055,488",17.52,"1,742,256",9.99,"1,313,232",0.7538,56.68,"9,885,000",
1,1,108,1949,"108,700","1,706,590",15.7,"870,687",8.01,"835,903",0.96,56.45,"6,136,000",
1,1,77,1960,"80,120","1,281,119",15.99,"668,201",8.34,"612,918",0.9173,56.44,"4,522,000",
1,1,64,1962,"80,000","1,224,800",15.31,"610,400",7.63,"614,400",1.0066,56.05,"4,484,000",
0,1,208,1965,"256,000","3,904,000",15.25,"1,937,920",7.57,"1,966,080",1.0145,55.97,"14,329,000",
0,1,188,1963,"247,530","4,319,399",17.45,"2,482,726",10.03,"1,836,673",0.7398,55.78,"13,807,000",
0,1,36,1940,"37,350","576,684",15.44,"293,198",7.85,"283,487",0.9669,55.48,"2,072,000",
1,1,127,1951,"186,480","3,069,461",16.46,"1,678,320",9,"1,391,141",0.8289,55.37,"10,325,000",
1,1,43,1953,"65,766","1,020,688",15.52,"523,497",7.96,"497,191",0.9497,55.36,"3,641,000",
0,1,66,1970,"67,987","1,006,887",14.81,"491,546",7.23,"515,341",1.0484,54.79,"3,725,000",
0,1,127,1958,"109,206","1,671,944",15.31,"856,175",7.84,"815,769",0.9528,54.48,"5,950,000",
0,1,168,1952,"140,662","2,152,129",15.3,"1,107,010",7.87,"1,045,119",0.9441,54.2,"7,624,000",
0,1,72,1974,"75,747","1,218,769",16.09,"664,301",8.77,"554,468",0.8347,54.05,"4,094,000",
0,1,60,1928,"66,258","997,183",15.05,"504,886",7.62,"492,297",0.9751,53.96,"3,575,000",
1,1,123,1960,"180,000","2,885,400",16.03,"1,569,600",8.72,"1,315,800",0.8383,53.91,"9,703,000",
1,1,412,1966,"539,000","7,907,130",14.67,"3,880,800",7.2,"4,026,330",1.0375,53.9,"29,050,000",
1,1,96,1961,"130,570","1,920,685",14.71,"947,938",7.26,"972,747",1.0262,53.81,"7,026,000",
0,1,53,1964,"43,645","673,442",15.43,"352,652",8.08,"320,791",0.9097,53.75,"2,346,000",
1,1,129,1961,"127,000","1,921,510",15.13,"984,250",7.75,"937,260",0.9523,53.71,"6,821,000",
0,1,26,1939,"32,150","572,270",17.8,"344,327",10.71,"227,944",0.662,53.53,"1,721,000",
0,1,213,1965,"232,532","3,718,187",15.99,"2,043,956",8.79,"1,674,230",0.8191,53.06,"12,339,000",
1,1,100,1960,"129,600","1,910,304",14.74,"959,040",7.4,"951,264",0.9919,53.01,"6,870,000",
1,1,61,1953,"72,800","1,053,416",14.47,"516,880",7.1,"536,536",1.038,52.95,"3,855,000",
1,1,126,1939,"139,416","2,046,627",14.68,"1,023,313",7.34,"1,023,313",1,52.92,"7,378,000",
0,1,54,1942,"55,440","814,414",14.69,"408,038",7.36,"406,375",0.9959,52.83,"2,929,000",
0,1,43,1931,"33,000","567,930",17.21,"335,610",10.17,"232,320",0.6922,52.82,"1,743,000",
1,1,90,1955,"115,597","1,822,965",15.77,"994,134",8.6,"828,830",0.8337,52.7,"6,092,000",
1,1,85,1934,"147,500","2,368,850",16.06,"1,317,175",8.93,"1,051,675",0.7984,52.61,"7,760,000",
0,1,121,1964,"153,804","2,237,848",14.55,"1,113,541",7.24,"1,124,307",1.0097,52.59,"8,088,000",
0,1,95,1970,"85,218","1,303,835",15.3,"689,414",8.09,"614,422",0.8912,52.58,"4,481,000",
0,1,142,1965,"167,000","2,937,530",17.59,"1,771,870",10.61,"1,165,660",0.6579,52.54,"8,775,000",
0,1,100,1962,"101,500","1,630,090",16.06,"909,440",8.96,"720,650",0.7924,52.38,"5,317,000",
0,1,42,1931,"45,700","652,139",14.27,"318,529",6.97,"333,610",1.0473,52.25,"2,388,000",
0,1,68,1928,"74,462","1,035,022",13.9,"488,471",6.56,"546,551",1.1189,52.16,"3,884,000",
1,1,70,1961,"79,296","1,194,198",15.06,"624,852",7.88,"569,345",0.9112,52.12,"4,133,000",
1,1,125,1955,"194,730","2,778,797",14.27,"1,363,110",7,"1,415,687",1.0386,52.01,"10,128,000",
0,1,59,1932,"75,260","1,025,041",13.62,"471,128",6.26,"553,914",1.1757,51.93,"3,908,000",
1,1,56,1932,"73,911","1,213,619",16.42,"696,981",9.43,"516,638",0.7413,51.83,"3,831,000",
0,1,185,1955,"200,000","3,206,000",16.03,"1,808,000",9.04,"1,398,000",0.7732,51.6,"10,320,000",
0,1,86,1927,"114,941","1,563,198",13.6,"725,278",6.31,"837,920",1.1553,51.45,"5,914,000",
0,1,79,1930,"67,248","1,075,296",15.99,"606,577",9.02,"468,719",0.7727,51.42,"3,458,000",
0,1,63,1928,"62,916","911,024",14.48,"461,803",7.34,"449,220",0.9728,51.32,"3,229,000",
0,1,66,1955,"71,256","1,045,326",14.67,"544,396",7.64,"500,930",0.9202,50.75,"3,616,000",
0,1,103,1961,"107,627","1,616,558",15.02,"867,474",8.06,"749,084",0.8635,50.52,"5,437,000",
1,1,180,1962,"231,154","3,777,056",16.34,"2,207,521",9.55,"1,569,536",0.711,50.39,"11,648,000",
1,1,54,1939,"76,500","1,246,950",16.3,"726,750",9.5,"520,200",0.7158,50.39,"3,855,000",
0,1,221,1972,"214,344","3,245,168",15.14,"1,761,908",8.22,"1,483,260",0.8418,50.38,"10,798,000",
0,1,58,1932,"67,500","951,750",14.1,"475,200",7.04,"476,550",1.0028,50.37,"3,400,000",
0,1,47,1963,"38,150","651,984",17.09,"395,616",10.37,"256,368",0.648,50.3,"1,919,000",
1,1,109,1965,"110,000","1,735,800",15.78,"984,500",8.95,"751,300",0.7631,50.22,"5,524,000",
0,1,120,1956,"133,400","1,934,300",14.5,"1,005,836",7.54,"928,464",0.9231,50.04,"6,675,000",
0,1,74,1962,"69,848","1,040,735",14.9,"558,784",8,"481,951",0.8625,49.95,"3,489,000",
1,1,60,1966,"64,310","1,035,391",16.1,"600,655",9.34,"434,736",0.7238,49.91,"3,210,000",
0,1,25,1931,"27,018","385,277",14.26,"196,961",7.29,"188,315",0.9561,49.86,"1,347,000",
0,1,25,1931,"21,080","353,512",16.77,"212,697",10.09,"140,814",0.662,49.81,"1,050,000",
0,1,55,1940,"43,195","641,446",14.85,"344,264",7.97,"297,182",0.8632,49.8,"2,151,000",
1,1,69,1954,"92,171","1,384,408",15.02,"753,037",8.17,"631,371",0.8384,49.79,"4,589,000",
1,1,68,1958,"82,000","1,236,560",15.08,"674,860",8.23,"561,700",0.8323,49.79,"4,083,000",
0,1,60,1936,"70,000","938,700",13.41,"443,100",6.33,"495,600",1.1185,49.79,"3,485,000",
0,1,116,1937,"108,757","1,647,669",15.15,"905,946",8.33,"741,723",0.8187,49.61,"5,395,000",
0,1,108,1958,"93,645","1,509,557",16.12,"881,199",9.41,"628,358",0.7131,49.57,"4,642,000",
0,1,78,1963,"93,000","1,275,960",13.72,"625,890",6.73,"650,070",1.0386,49.43,"4,597,000",
1,1,188,1960,"263,206","3,871,760",14.71,"2,071,431",7.87,"1,800,329",0.8691,49.35,"12,988,000",
1,1,144,1939,"189,592","2,777,523",14.65,"1,482,609",7.82,"1,294,913",0.8734,49.24,"9,335,000",
0,1,83,1928,"63,540","946,111",14.89,"519,122",8.17,"426,989",0.8225,48.71,"3,095,000",
1,1,82,1954,"106,684","1,562,921",14.65,"847,071",7.94,"715,850",0.8451,48.36,"5,159,000",
0,1,320,1960,"292,000","4,380,000",15,"2,435,280",8.34,"1,944,720",0.7986,48.33,"14,111,000",
0,1,93,1930,"88,386","1,353,190",15.31,"771,610",8.73,"581,580",0.7537,48.02,"4,244,000",
0,1,140,1967,"182,218","2,465,410",13.53,"1,226,327",6.73,"1,239,082",1.0104,47.91,"8,730,000",
0,1,80,1957,"57,840","881,482",15.24,"500,894",8.66,"380,587",0.7598,47.91,"2,771,000",
0,1,73,1966,"81,730","1,092,730",13.37,"536,149",6.56,"556,581",1.0381,47.83,"3,909,000",
0,1,169,1960,"217,800","3,094,938",14.21,"1,640,034",7.53,"1,454,904",0.8871,47.75,"10,399,000",
0,1,33,1928,"30,886","444,450",14.39,"239,058",7.74,"205,392",0.8592,47.69,"1,473,000",
1,1,48,1954,"72,594","1,128,111",15.54,"657,702",9.06,"470,409",0.7152,47.47,"3,446,000",
0,1,44,1936,"45,000","641,250",14.25,"342,450",7.61,"298,800",0.8725,47.47,"2,136,000",
0,1,66,1937,"69,441","972,868",14.01,"510,391",7.35,"462,477",0.9061,47.39,"3,291,000",
0,1,47,1938,"42,975","562,973",13.1,"272,462",6.34,"290,511",1.0662,47.21,"2,029,000",
0,1,66,1964,"58,600","937,600",16,"562,560",9.6,"375,040",0.6667,47.2,"2,766,000",
0,1,57,1937,"55,800","860,994",15.43,"502,758",9.01,"358,236",0.7125,46.95,"2,620,000",
0,1,54,1941,"44,270","678,216",15.32,"393,560",8.89,"284,656",0.7233,46.94,"2,078,000",
0,1,81,2008,"93,570","1,333,373",14.25,"720,489",7.7,"612,884",0.8507,46.86,"4,385,000",
1,1,73,1941,"86,000","1,347,620",15.67,"798,940",9.29,"548,680",0.6868,46.81,"4,026,000",
1,1,121,1941,"125,148","1,902,250",15.2,"1,098,799",8.78,"803,450",0.7312,46.71,"5,846,000",
0,1,135,1963,"124,045","1,794,931",14.47,"988,639",7.97,"806,293",0.8156,46.69,"5,792,000",
0,1,169,1954,"216,000","3,324,240",15.39,"1,950,480",9.03,"1,373,760",0.7043,46.5,"10,044,000",
0,1,73,1930,"73,182","1,050,894",14.36,"578,138",7.9,"472,756",0.8177,46.34,"3,391,000",
0,1,76,1965,"85,523","1,281,135",14.98,"735,498",8.6,"545,637",0.7419,46.28,"3,958,000",
0,1,53,1955,"62,015","811,776",13.09,"401,237",6.47,"410,539",1.0232,46.21,"2,866,000",
1,1,84,1954,"111,675","1,708,628",15.3,"1,007,309",9.02,"701,319",0.6962,45.83,"5,118,000",
0,1,58,1955,"51,060","761,305",14.91,"441,669",8.65,"319,636",0.7237,45.34,"2,315,000",
1,1,120,1954,"207,100","3,265,967",15.77,"1,994,373",9.63,"1,271,594",0.6376,45.12,"9,344,000",
0,1,73,1960,"75,390","1,016,257",13.48,"533,761",7.08,"482,496",0.904,45.03,"3,395,000",
0,1,56,1941,"55,137","746,004",13.53,"398,089",7.22,"347,914",0.874,44.47,"2,452,000",
0,1,65,1927,"81,502","1,008,180",12.37,"479,232",5.88,"528,948",1.1037,44.43,"3,621,000",
0,1,62,1959,"58,500","903,825",15.45,"548,145",9.37,"355,680",0.6489,44.43,"2,599,000",
1,1,60,1970,"60,928","936,463",15.37,"567,240",9.31,"369,224",0.6509,44.22,"2,694,000",
0,1,60,1939,"65,070","911,631",14.01,"508,197",7.81,"403,434",0.7939,44.14,"2,872,000",
0,1,92,1959,"105,000","1,528,800",14.56,"886,200",8.44,"642,600",0.7251,44.1,"4,630,000",
0,1,55,1963,"80,811","1,116,000",13.81,"614,164",7.6,"501,836",0.8171,44.08,"3,562,000",
0,1,42,1936,"46,440","600,005",12.92,"305,111",6.57,"294,894",0.9665,44.08,"2,047,000",
0,1,73,1940,"77,850","963,005",12.37,"462,429",5.94,"500,576",1.0825,44.02,"3,427,000",
0,1,282,1949,"351,827","4,278,216",12.16,"2,012,450",5.72,"2,265,766",1.1259,43.87,"15,436,000",
0,1,42,1962,"30,927","446,895",14.45,"258,550",8.36,"188,345",0.7285,43.78,"1,354,000",
0,1,"4,470",1969,"5,541,031","80,289,539",14.49,"46,544,660",8.4,"33,744,879",0.725,43.75,"242,442,000",
0,1,266,1971,"318,060","4,510,091",14.18,"2,576,286",8.1,"1,933,805",0.7506,43.48,"13,829,000",
0,1,68,1940,"62,088","902,139",14.53,"528,369",8.51,"373,770",0.7074,43.29,"2,688,000",
0,1,136,1962,"125,891","1,767,510",14.04,"1,003,351",7.97,"764,158",0.7616,43.24,"5,444,000",
0,1,67,1956,"71,652","985,215",13.75,"547,421",7.64,"437,794",0.7997,43.21,"3,096,000",
0,1,68,1956,"65,071","950,037",14.6,"560,912",8.62,"389,125",0.6937,43.14,"2,807,000",
0,1,111,1965,"108,306","1,576,935",14.56,"930,349",8.59,"646,587",0.695,42.96,"4,653,000",
0,1,73,1930,"70,812","1,025,358",14.48,"604,734",8.54,"420,623",0.6956,42.69,"3,023,000",
0,1,173,1966,"154,640","2,137,125",13.82,"1,207,738",7.81,"929,386",0.7695,42.63,"6,592,000",
0,1,81,1941,"92,417","1,222,677",13.23,"660,782",7.15,"561,895",0.8503,42.58,"3,935,000",
0,1,96,1951,"127,000","1,799,590",14.17,"1,043,940",8.22,"755,650",0.7238,42.52,"5,400,000",
0,1,12,1911,"13,200","173,448",13.14,"93,456",7.08,"79,992",0.8559,42.35,"559,000",
0,1,73,1930,"70,836","1,015,788",14.34,"599,273",8.46,"416,516",0.695,42.15,"2,986,000",
0,1,105,1931,"150,000","2,239,500",14.93,"1,368,000",9.12,"871,500",0.6371,42.12,"6,318,000",
1,1,80,1957,"88,470","1,326,165",14.99,"813,039",9.19,"513,126",0.6311,42.12,"3,726,000",
0,1,52,1959,"45,786","601,628",13.14,"326,912",7.14,"274,716",0.8403,41.91,"1,919,000",
0,1,73,1950,"96,250","1,369,638",14.23,"808,500",8.4,"561,138",0.694,41.74,"4,017,000",
0,1,79,1927,"56,634","852,908",15.06,"530,094",9.36,"322,814",0.609,41.39,"2,344,000",
0,1,115,1932,"120,000","1,543,200",12.86,"829,200",6.91,"714,000",0.8611,41.3,"4,956,000",
0,1,119,1929,"106,386","1,350,038",12.69,"715,978",6.73,"634,061",0.8856,41.2,"4,383,000",
0,1,58,1939,"63,763","798,950",12.53,"418,285",6.56,"380,665",0.9101,41.03,"2,616,000",
1,1,49,1939,"75,000","1,059,750",14.13,"629,250",8.39,"430,500",0.6841,40.96,"3,072,000",
0,1,157,1963,"135,250","1,908,378",14.11,"1,132,043",8.37,"776,335",0.6858,40.95,"5,538,000",
0,1,38,1935,"32,200","445,970",13.85,"260,820",8.1,"185,150",0.7099,40.78,"1,313,000",
0,1,49,1954,"47,679","692,299",14.52,"422,436",8.86,"269,863",0.6388,40.75,"1,943,000",
0,1,54,1924,"42,660","517,466",12.13,"261,506",6.13,"255,960",0.9788,40.74,"1,738,000",
0,1,65,1936,"73,610","1,007,721",13.69,"584,463",7.94,"423,258",0.7242,40.66,"2,993,000",
0,1,66,1961,"65,000","898,950",13.83,"527,800",8.12,"371,150",0.7032,40.46,"2,630,000",
0,1,72,1960,"77,000","975,590",12.67,"524,370",6.81,"451,220",0.8605,40.44,"3,114,000",
0,1,78,1958,"61,914","869,273",14.04,"518,220",8.37,"351,052",0.6774,40.43,"2,503,000",
0,1,59,1940,"56,400","745,608",13.22,"422,436",7.49,"323,172",0.765,40.04,"2,258,000",
0,1,158,1961,"179,920","2,650,222",14.73,"1,653,465",9.19,"996,757",0.6028,39.98,"7,194,000",
0,1,55,1932,"54,184","701,683",12.95,"390,667",7.21,"311,016",0.7961,39.92,"2,163,000",
0,1,61,1938,"64,291","943,149",14.67,"588,906",9.16,"354,243",0.6015,39.76,"2,556,000",
0,1,73,1961,"91,075","1,201,279",13.19,"686,706",7.54,"514,574",0.7493,39.52,"3,599,000",
0,1,74,1955,"75,010","881,368",11.75,"444,809",5.93,"436,558",0.9815,39.15,"2,937,000",
0,1,85,1931,"87,924","1,229,178",13.98,"753,509",8.57,"475,669",0.6313,38.5,"3,385,000",
0,1,17,1911,"27,691","372,167",13.44,"220,420",7.96,"151,747",0.6884,38.5,"1,066,000",
0,1,297,1961,"352,360","5,066,937",14.38,"3,174,764",9.01,"1,892,173",0.596,38.49,"13,564,000",
0,1,140,1950,"186,000","2,129,700",11.45,"1,063,920",5.72,"1,065,780",1.0017,38.2,"7,105,000",
0,1,110,1964,"120,534","1,443,997",11.98,"765,391",6.35,"678,606",0.8866,38.11,"4,594,000",
0,1,122,1955,"141,055","1,830,894",12.98,"1,062,144",7.53,"768,750",0.7238,37.96,"5,355,000",
0,1,62,1914,"34,820","469,025",13.47,"280,997",8.07,"188,028",0.6691,37.94,"1,321,000",
0,1,133,1963,"151,155","1,750,375",11.58,"899,372",5.95,"851,003",0.9462,37.62,"5,687,000",
0,1,42,1941,"37,000","433,640",11.72,"227,180",6.14,"206,460",0.9088,37.54,"1,389,000",
0,1,42,1928,"42,450","510,249",12.02,"271,680",6.4,"238,569",0.8781,37.5,"1,592,000",
0,1,352,1967,"381,213","4,464,004",11.71,"2,333,024",6.12,"2,130,981",0.9134,37.49,"14,292,000",
0,1,56,1937,"48,628","687,114",14.13,"431,817",8.88,"255,297",0.5912,37.45,"1,821,000",
1,1,67,1955,"80,735","1,140,786",14.13,"716,927",8.88,"423,859",0.5912,37.44,"3,023,000",
0,1,38,1928,"36,900","509,220",13.8,"314,388",8.52,"194,832",0.6197,37.43,"1,381,000",
0,1,37,1936,"39,550","518,105",13.1,"306,908",7.76,"211,197",0.6881,37.29,"1,475,000",
0,1,54,1924,"44,304","553,800",12.5,"314,115",7.09,"239,685",0.763,37.15,"1,646,000",
0,1,73,1959,"83,000","1,056,590",12.73,"610,880",7.36,"445,710",0.7296,37.13,"3,082,000",
0,1,85,1927,"107,220","1,369,199",12.77,"794,500",7.41,"574,699",0.7233,37.09,"3,977,000",
0,1,120,1954,"160,000","2,064,000",12.9,"1,212,800",7.58,"851,200",0.7018,36.95,"5,912,000",
0,1,145,1949,"150,500","2,100,980",13.96,"1,324,400",8.8,"776,580",0.5864,36.7,"5,523,000",
0,1,50,1931,"54,180","720,052",13.29,"438,316",8.09,"281,736",0.6428,36.42,"1,973,000",
0,1,54,1929,"57,000","758,100",13.3,"462,270",8.11,"295,830",0.64,36.35,"2,072,000",
0,1,104,1928,"148,000","1,921,040",12.98,"1,151,440",7.78,"769,600",0.6684,36.2,"5,357,000",
0,1,139,1967,"144,460","1,990,659",13.78,"1,258,247",8.71,"732,412",0.5821,35.94,"5,192,000",
0,1,42,1940,"41,000","533,820",13.02,"325,540",7.94,"208,280",0.6398,35.37,"1,450,000",
0,1,48,1931,"48,852","642,892",13.16,"398,144",8.15,"244,749",0.6147,34.96,"1,708,000",
0,1,87,1928,"98,700","1,273,230",12.9,"783,678",7.94,"489,552",0.6247,34.41,"3,396,000",
0,1,35,1931,"41,580","555,093",13.35,"353,014",8.49,"202,079",0.5724,34.08,"1,417,000",
0,1,61,1930,"57,230","756,581",13.22,"477,871",8.35,"278,710",0.5832,34.06,"1,949,000",
0,1,64,1962,"53,700","710,451",13.23,"452,691",8.43,"257,760",0.5694,33.65,"1,807,000",
0,1,"10,948",1969,"13,540,113","166,272,588",12.28,"99,790,633",7.37,"66,481,955",0.6662,33.56,"454,434,000",
0,1,171,1958,"170,350","1,964,136",11.53,"1,110,682",6.52,"853,454",0.7684,33.44,"5,697,000",
0,1,408,1958,"361,452","4,207,301",11.64,"2,407,270",6.66,"1,800,031",0.7477,33.35,"12,056,000",
0,1,111,1958,"151,800","1,987,062",13.09,"1,269,048",8.36,"718,014",0.5658,33.05,"5,017,000",
0,1,151,1950,"155,477","2,033,639",13.08,"1,298,233",8.35,"735,406",0.5665,32.97,"5,126,000",
0,1,106,1965,"111,300","1,454,691",13.07,"928,242",8.34,"526,449",0.5671,32.97,"3,670,000",
0,1,207,1930,"197,406","2,516,927",12.75,"1,591,092",8.06,"925,834",0.5819,32.41,"6,397,000",
0,1,120,1966,"127,000","1,220,470",9.61,"558,800",4.4,"661,670",1.1841,32.32,"4,105,000",
0,1,104,1957,"115,000","1,473,150",12.81,"943,000",8.2,"530,150",0.5622,31.94,"3,673,000",
0,1,50,1963,"55,800","660,114",11.83,"400,644",7.18,"259,470",0.6476,31.31,"1,747,000",
0,1,239,1967,"212,300","2,677,103",12.61,"1,713,261",8.07,"963,842",0.5626,31.29,"6,642,000",
0,1,48,1927,"58,350","717,705",12.3,"459,215",7.87,"258,491",0.5629,30.25,"1,765,000",
0,1,171,1965,"232,808","2,861,210",12.29,"1,832,199",7.87,"1,029,011",0.5616,30.2,"7,030,000",
0,1,624,1966,"598,478","7,139,843",11.93,"4,518,509",7.55,"2,621,334",0.5801,29.65,"17,742,000",
0,1,105,1960,"117,922","1,409,168",11.95,"897,386",7.61,"511,781",0.5703,29.38,"3,464,000",
0,1,42,1927,"45,483","528,967",11.63,"338,394",7.44,"190,574",0.5632,28.05,"1,276,000",
0,1,225,1962,"256,750","2,903,843",11.31,"1,858,870",7.24,"1,044,973",0.5622,26.98,"6,928,000",
0,1,54,1927,"53,898","590,722",10.96,"377,825",7.01,"212,897",0.5635,25.86,"1,394,000",
0,1,108,1929,"145,728","1,582,606",10.86,"1,012,810",6.95,"569,796",0.5626,25.52,"3,719,000",
0,1,319,1968,"425,070","4,582,255",10.78,"2,932,983",6.9,"1,649,272",0.5623,25.23,"10,725,000",
