date,season,neutral,playoff,team1_Home,team2_Away,home_scoring_offense,home_scoring_defense,away_scoring_offense,away_scoring_defense,qbelo1_pre,qbelo2_pre,qb1,qb2,score1,score2,quality,Home_Win
9/10/2009,2009,0,,PIT,TEN,1.769230769,-0.762820513,1.416666667,3.737179487,1610.471883,1553.19707,Ben Roethlisberger,Kerry Collins,13,10,84,1
9/13/2009,2009,0,,NYG,WSH,2.794871795,4.608974359,-5.634615385,-0.730769231,1576.308651,1505.886546,Eli Manning,Jason Campbell,23,17,68,1
9/13/2009,2009,0,,GB,CHI,8.003205128,-1.602564103,-3,1.349358974,1520.937146,1516.930338,Aaron Rodgers,Jay Cutler,21,15,66,1
9/13/2009,2009,0,,IND,JAX,5.150641026,-1.580128205,-5.333333333,3.461538462,1584.365373,1482.236208,Peyton Manning,David Garrard,14,12,68,1
9/13/2009,2009,0,,ATL,MIA,2.230769231,-2.403846154,1.570512821,1.820512821,1517.459685,1470.611588,Matt Ryan,Chad Pennington,19,7,47,1
9/13/2009,2009,0,,SEA,LAR,-5.189102564,4.576923077,-11.00320513,4.237179487,1464.701372,1381.696249,Matt Hasselbeck,Marc Bulger,28,0,11,1
9/13/2009,2009,0,,HOU,NYJ,3.21474359,-0.349358974,0.782051282,-8.967948718,1508.482113,1463.071882,Matt Schaub,Mark Sanchez,7,24,43,0
9/13/2009,2009,0,,TB,DAL,-5.073717949,2.490384615,0.717948718,-6.275641026,1451.145154,1535.139735,Byron Leftwich,Tony Romo,21,34,43,0
9/13/2009,2009,0,,BAL,KC,4.288461538,-5.282051282,-2.753205128,5.826923077,1544.975085,1395.673582,Joe Flacco,Brodie Croyle,38,24,27,1
9/13/2009,2009,0,,NO,DET,12.33012821,1.330128205,-4.913461538,9.108974359,1529.753493,1345.997688,Drew Brees,Matthew Stafford,45,27,21,1
9/13/2009,2009,0,,ARI,SF,0.967948718,0.278846154,-3.076923077,-2.894230769,1526.281842,1454.182452,Kurt Warner,Shaun Hill,16,20,48,0
9/13/2009,2009,0,,CIN,DEN,-2.416666667,-2.862179487,-1.766025641,-2.759615385,1458.630637,1436.77947,Carson Palmer,Kyle Orton,7,12,19,0
9/13/2009,2009,0,,CLE,MIN,-5.564102564,3.28525641,7.096153846,-1.349358974,1441.815237,1550.737144,Brady Quinn,Brett Favre,20,34,49,0
9/13/2009,2009,0,,CAR,PHI,-1.483974359,-4.650641026,5.548076923,-0.259615385,1520.135114,1570.740791,Jake Delhomme,Donovan McNabb,10,38,72,0
9/14/2009,2009,0,,NE,BUF,7.810897436,-4.298076923,-6.041666667,-2.125,1641.10624,1466.798086,Tom Brady,Trent Edwards,25,24,77,1
9/14/2009,2009,0,,OAK,LAC,-8.810897436,2.782051282,6.368589744,0.259615385,1421.404165,1570.446786,JaMarcus Russell,Philip Rivers,20,24,46,0
9/20/2009,2009,0,,DAL,NYG,0.717948718,-6.275641026,2.794871795,4.608974359,1558.196317,1588.472122,Tony Romo,Eli Manning,31,33,85,0
9/20/2009,2009,0,,ATL,CAR,2.230769231,-2.403846154,-1.483974359,-4.650641026,1535.098447,1487.226665,Matt Ryan,Jake Delhomme,28,20,50,1
9/20/2009,2009,0,,GB,CIN,8.003205128,-1.602564103,-2.416666667,-2.862179487,1537.956903,1434.172994,Aaron Rodgers,Carson Palmer,24,31,39,0
9/20/2009,2009,0,,KC,OAK,-2.753205128,5.826923077,-8.810897436,2.782051282,1384.675885,1410.242741,Matt Cassel,JaMarcus Russell,10,13,11,0
9/20/2009,2009,0,,PHI,NO,5.548076923,-0.259615385,12.33012821,1.330128205,1603.64924,1540.040483,Kevin Kolb,Drew Brees,22,48,74,0
9/20/2009,2009,0,,DET,MIN,-4.913461538,9.108974359,7.096153846,-1.349358974,1335.710698,1573.78051,Matthew Stafford,Brett Favre,13,27,21,0
9/20/2009,2009,0,,WSH,LAR,-5.634615385,-0.730769231,-11.00320513,4.237179487,1493.723074,1361.704614,Jason Campbell,Marc Bulger,9,7,14,1
9/20/2009,2009,0,,SF,SEA,-3.076923077,-2.894230769,-5.189102564,4.576923077,1478.08594,1484.693008,Shaun Hill,Matt Hasselbeck,23,10,38,1
9/20/2009,2009,0,,LAC,BAL,6.368589744,0.259615385,4.288461538,-5.282051282,1581.60821,1555.972782,Philip Rivers,Joe Flacco,26,31,82,0
9/20/2009,2009,0,,DEN,CLE,-1.766025641,-2.759615385,-5.564102564,3.28525641,1461.237113,1418.771871,Kyle Orton,Brady Quinn,27,6,17,1
9/20/2009,2009,0,,TEN,HOU,1.416666667,3.737179487,3.21474359,-0.349358974,1544.201174,1468.459591,Kerry Collins,Matt Schaub,31,34,51,0
9/20/2009,2009,0,,NYJ,NE,0.782051282,-8.967948718,7.810897436,-4.298076923,1503.094404,1643.497552,Mark Sanchez,Tom Brady,16,9,85,1
9/20/2009,2009,0,,JAX,ARI,-5.333333333,3.461538462,0.967948718,0.278846154,1476.775189,1502.378354,David Garrard,Kurt Warner,17,31,44,0
9/20/2009,2009,0,,BUF,TB,-6.041666667,-2.125,-5.073717949,2.490384615,1464.406774,1428.088572,Trent Edwards,Byron Leftwich,33,20,22,1
9/20/2009,2009,0,,CHI,PIT,-3,1.349358974,1.769230769,-0.762820513,1499.910581,1619.467779,Jay Cutler,Ben Roethlisberger,17,14,79,1
9/21/2009,2009,0,,MIA,IND,1.570512821,1.820512821,5.150641026,-1.580128205,1452.972826,1589.826392,Chad Pennington,Peyton Manning,23,27,61,0
9/27/2009,2009,0,,LAR,GB,-11.00320513,4.237179487,8.003205128,-1.602564103,1356.864034,1505.794423,Marc Bulger,Aaron Rodgers,17,36,14,0
9/27/2009,2009,0,,LAC,MIA,6.368589744,0.259615385,1.570512821,1.820512821,1558.280645,1441.494491,Philip Rivers,Chad Pennington,23,13,48,1
9/27/2009,2009,0,,NYJ,TEN,0.782051282,-8.967948718,1.416666667,3.737179487,1531.715245,1523.926413,Mark Sanchez,Kerry Collins,24,17,64,1
9/27/2009,2009,0,,MIN,SF,7.096153846,-1.349358974,-3.076923077,-2.894230769,1587.087991,1499.657799,Brett Favre,Shaun Hill,27,24,70,1
9/27/2009,2009,0,,SEA,CHI,-5.189102564,4.576923077,-3,1.349358974,1463.121149,1516.219268,Seneca Wallace,Jay Cutler,19,25,55,0
9/27/2009,2009,0,,OAK,DEN,-8.810897436,2.782051282,-1.766025641,-2.759615385,1427.991959,1484.434118,JaMarcus Russell,Kyle Orton,3,23,20,0
9/27/2009,2009,0,,DET,WSH,-4.913461538,9.108974359,-5.634615385,-0.730769231,1322.403217,1498.563653,Matthew Stafford,Jason Campbell,19,14,9,1
9/27/2009,2009,0,,PHI,KC,5.548076923,-0.259615385,-2.753205128,5.826923077,1567.285445,1366.926667,Kevin Kolb,Matt Cassel,34,14,26,1
9/27/2009,2009,0,,TB,NYG,-5.073717949,2.490384615,2.794871795,4.608974359,1410.054186,1601.105272,Byron Leftwich,Eli Manning,0,24,51,0
9/27/2009,2009,0,,NE,ATL,7.810897436,-4.298076923,2.230769231,-2.403846154,1614.876711,1548.687283,Tom Brady,Matt Ryan,26,10,88,1
9/27/2009,2009,0,,HOU,JAX,3.21474359,-0.349358974,-5.333333333,3.461538462,1488.734352,1447.348255,Matt Schaub,David Garrard,24,31,34,0
9/27/2009,2009,0,,BUF,NO,-6.041666667,-2.125,12.33012821,1.330128205,1482.441159,1576.404278,Trent Edwards,Drew Brees,7,27,72,0
9/27/2009,2009,0,,CIN,PIT,-2.416666667,-2.862179487,1.769230769,-0.762820513,1466.335474,1603.159092,Carson Palmer,Ben Roethlisberger,23,20,67,1
9/27/2009,2009,0,,BAL,CLE,4.288461538,-5.282051282,-5.564102564,3.28525641,1579.300347,1395.574866,Joe Flacco,Brady Quinn,34,3,39,1
9/27/2009,2009,0,,ARI,IND,0.967948718,0.278846154,5.150641026,-1.580128205,1531.805289,1601.304728,Kurt Warner,Peyton Manning,10,31,84,0
9/28/2009,2009,0,,DAL,CAR,0.717948718,-6.275641026,-1.483974359,-4.650641026,1545.563167,1473.63783,Tony Romo,Jake Delhomme,21,7,51,1
10/4/2009,2009,0,,SF,LAR,-3.076923077,-2.894230769,-11.00320513,4.237179487,1491.963605,1335.743695,Shaun Hill,Kyle Boller,35,0,15,1
10/4/2009,2009,0,,NE,BAL,7.810897436,-4.298076923,4.288461538,-5.282051282,1631.961816,1591.396027,Tom Brady,Joe Flacco,27,21,95,1
10/4/2009,2009,0,,KC,NYG,-2.753205128,5.826923077,2.794871795,4.608974359,1350.978239,1619.385927,Matt Cassel,Eli Manning,16,27,49,0
10/4/2009,2009,0,,HOU,OAK,3.21474359,-0.349358974,-8.810897436,2.782051282,1459.654264,1397.520528,Matt Schaub,JaMarcus Russell,29,6,15,1
10/4/2009,2009,0,,CLE,CIN,-5.564102564,3.28525641,-2.416666667,-2.862179487,1383.479186,1484.202584,Derek Anderson,Carson Palmer,20,23,20,0
10/4/2009,2009,0,,MIA,BUF,1.570512821,1.820512821,-6.041666667,-2.125,1430.448301,1457.276093,Chad Henne,Trent Edwards,38,10,17,1
10/4/2009,2009,0,,CHI,DET,-3,1.349358974,-4.913461538,9.108974359,1536.940738,1348.0452,Jay Cutler,Matthew Stafford,48,24,22,1
10/4/2009,2009,0,,IND,SEA,5.150641026,-1.580128205,-5.189102564,4.576923077,1631.183893,1442.399678,Peyton Manning,Seneca Wallace,34,17,75,1
10/4/2009,2009,0,,DEN,DAL,-1.766025641,-2.759615385,0.717948718,-6.275641026,1514.905548,1560.704308,Kyle Orton,Tony Romo,17,10,67,1
10/4/2009,2009,0,,JAX,TEN,-5.333333333,3.461538462,1.416666667,3.737179487,1476.428343,1507.411424,David Garrard,Kerry Collins,37,17,43,1
10/4/2009,2009,0,,NO,NYJ,12.33012821,1.330128205,0.782051282,-8.967948718,1601.569344,1548.230234,Drew Brees,Mark Sanchez,24,10,85,1
10/4/2009,2009,0,,WSH,TB,-5.634615385,-0.730769231,-5.073717949,2.490384615,1472.921671,1391.773531,Jason Campbell,Josh Johnson,16,13,9,1
10/4/2009,2009,0,,PIT,LAC,1.769230769,-0.762820513,6.368589744,0.259615385,1585.291983,1569.326835,Ben Roethlisberger,Philip Rivers,38,28,86,1
10/5/2009,2009,0,,MIN,GB,7.096153846,-1.349358974,8.003205128,-1.602564103,1594.782185,1526.914762,Brett Favre,Aaron Rodgers,30,23,79,1
10/11/2009,2009,0,,CAR,WSH,-1.483974359,-4.650641026,-5.634615385,-0.730769231,1458.496689,1478.923779,Jake Delhomme,Jason Campbell,20,17,30,1
10/11/2009,2009,0,,SEA,JAX,-5.189102564,4.576923077,-5.333333333,3.461538462,1432.283267,1503.425331,Matt Hasselbeck,David Garrard,41,0,32,1
10/11/2009,2009,0,,TEN,IND,1.416666667,3.737179487,5.150641026,-1.580128205,1480.414435,1641.300304,Kerry Collins,Peyton Manning,9,31,80,0
10/11/2009,2009,0,,DET,PIT,-4.913461538,9.108974359,1.769230769,-0.762820513,1337.661384,1602.895433,Daunte Culpepper,Ben Roethlisberger,20,28,22,0
10/11/2009,2009,0,,BUF,CLE,-6.041666667,-2.125,-5.564102564,3.28525641,1424.081938,1371.040492,Trent Edwards,Derek Anderson,3,6,7,0
10/11/2009,2009,0,,ARI,HOU,0.967948718,0.278846154,3.21474359,-0.349358974,1501.926123,1476.272046,Kurt Warner,Matt Schaub,28,21,47,1
10/11/2009,2009,0,,SF,ATL,-3.076923077,-2.894230769,2.230769231,-2.403846154,1507.982543,1531.602177,Shaun Hill,Matt Ryan,10,45,61,0
10/11/2009,2009,0,,PHI,TB,5.548076923,-0.259615385,-5.073717949,2.490384615,1583.233873,1385.771422,Donovan McNabb,Josh Johnson,33,14,22,1
10/11/2009,2009,0,,NYG,OAK,2.794871795,4.608974359,-8.810897436,2.782051282,1631.002673,1380.902746,Eli Manning,JaMarcus Russell,44,7,41,1
10/11/2009,2009,0,,KC,DAL,-2.753205128,5.826923077,0.717948718,-6.275641026,1339.361493,1539.573121,Matt Cassel,Tony Romo,20,26,23,0
10/11/2009,2009,0,,DEN,NE,-1.766025641,-2.759615385,7.810897436,-4.298076923,1536.036735,1645.48997,Kyle Orton,Tom Brady,20,17,88,1
10/11/2009,2009,0,,BAL,CIN,4.288461538,-5.282051282,-2.416666667,-2.862179487,1577.867873,1496.641277,Joe Flacco,Carson Palmer,14,17,71,0
10/11/2009,2009,0,,LAR,MIN,-11.00320513,4.237179487,7.096153846,-1.349358974,1319.724757,1607.770251,Kyle Boller,Brett Favre,10,38,30,0
10/12/2009,2009,0,,MIA,NYJ,1.570512821,1.820512821,0.782051282,-8.967948718,1463.642457,1531.718701,Chad Henne,Mark Sanchez,31,27,35,1
10/18/2009,2009,0,,NE,TEN,7.810897436,-4.298076923,1.416666667,3.737179487,1628.3817,1461.58139,Tom Brady,Kerry Collins,59,0,71,1
10/18/2009,2009,0,,SEA,ARI,-5.189102564,4.576923077,0.967948718,0.278846154,1473.818396,1515.853434,Matt Hasselbeck,Kurt Warner,3,27,48,0
10/18/2009,2009,0,,NYJ,BUF,0.782051282,-8.967948718,-6.041666667,-2.125,1514.134863,1406.361075,Mark Sanchez,Trent Edwards,13,16,22,0
10/18/2009,2009,0,,GB,DET,8.003205128,-1.602564103,-4.913461538,9.108974359,1513.926697,1330.489586,Aaron Rodgers,Daunte Culpepper,26,0,8,1
10/18/2009,2009,0,,NO,NYG,12.33012821,1.330128205,2.794871795,4.608974359,1618.080878,1637.946404,Drew Brees,Eli Manning,48,27,97,1
10/18/2009,2009,0,,TB,CAR,-5.073717949,2.490384615,-1.483974359,-4.650641026,1378.993044,1470.272117,Josh Johnson,Jake Delhomme,21,28,6,0
10/18/2009,2009,0,,JAX,LAR,-5.333333333,3.461538462,-11.00320513,4.237179487,1461.890202,1307.171517,David Garrard,Marc Bulger,23,20,4,1
10/18/2009,2009,0,,OAK,PHI,-8.810897436,2.782051282,5.548076923,-0.259615385,1373.959015,1590.012252,JaMarcus Russell,Donovan McNabb,13,9,28,1
10/18/2009,2009,0,,WSH,KC,-5.634615385,-0.730769231,-2.753205128,5.826923077,1467.148351,1326.615558,Jason Campbell,Matt Cassel,6,14,10,0
10/18/2009,2009,0,,PIT,CLE,1.769230769,-0.762820513,-5.564102564,3.28525641,1610.067231,1388.761355,Ben Roethlisberger,Derek Anderson,27,14,49,1
10/18/2009,2009,0,,ATL,CHI,2.230769231,-2.403846154,-3,1.349358974,1568.22029,1547.324554,Matt Ryan,Jay Cutler,21,14,83,1
10/18/2009,2009,0,,CIN,HOU,-2.416666667,-2.862179487,3.21474359,-0.349358974,1517.622199,1462.344735,Carson Palmer,Matt Schaub,17,28,49,0
10/18/2009,2009,0,,MIN,BAL,7.096153846,-1.349358974,4.288461538,-5.282051282,1620.323491,1556.886951,Brett Favre,Joe Flacco,33,31,90,1
10/19/2009,2009,0,,LAC,DEN,6.368589744,0.259615385,-1.766025641,-2.759615385,1551.723384,1553.145006,Philip Rivers,Kyle Orton,23,34,77,0
10/25/2009,2009,0,,LAR,IND,-11.00320513,4.237179487,5.150641026,-1.580128205,1301.572549,1660.133349,Marc Bulger,Peyton Manning,6,42,34,0
10/25/2009,2009,0,,KC,LAC,-2.753205128,5.826923077,6.368589744,0.259615385,1360.871011,1519.346231,Matt Cassel,Philip Rivers,7,37,24,0
10/25/2009,2009,0,,PIT,MIN,1.769230769,-0.762820513,7.096153846,-1.349358974,1617.310626,1627.062651,Ben Roethlisberger,Brett Favre,27,17,97,1
10/25/2009,2009,0,,MIA,NO,1.570512821,1.820512821,12.33012821,1.330128205,1481.226295,1643.554269,Chad Henne,Drew Brees,34,46,77,0
10/25/2009,2009,0,,DAL,ATL,0.717948718,-6.275641026,2.230769231,-2.403846154,1552.319056,1585.44553,Tony Romo,Matt Ryan,37,21,84,1
10/25/2009,2009,0,,CAR,BUF,-1.483974359,-4.650641026,-6.041666667,-2.125,1486.485696,1428.023024,Jake Delhomme,Ryan Fitzpatrick,9,20,18,0
10/25/2009,2009,0,,CIN,CHI,-2.416666667,-2.862179487,-3,1.349358974,1484.097145,1530.099315,Carson Palmer,Jay Cutler,45,10,58,1
10/25/2009,2009,1,,NE,TB,7.810897436,-4.298076923,-5.073717949,2.490384615,1642.891487,1362.779465,Tom Brady,Josh Johnson,35,7,34,1
10/25/2009,2009,0,,NYG,ARI,2.794871795,4.608974359,0.967948718,0.278846154,1612.473012,1548.860527,Eli Manning,Kurt Warner,17,24,88,0
10/25/2009,2009,0,,OAK,NYJ,-8.810897436,2.782051282,0.782051282,-8.967948718,1400.191233,1492.472913,JaMarcus Russell,Mark Sanchez,0,38,12,0
10/25/2009,2009,0,,CLE,GB,-5.564102564,3.28525641,8.003205128,-1.602564103,1381.51796,1522.774324,Derek Anderson,Aaron Rodgers,3,31,23,0
10/25/2009,2009,0,,HOU,SF,3.21474359,-0.349358974,-3.076923077,-2.894230769,1495.869789,1471.36443,Matt Schaub,Shaun Hill,24,21,45,1
10/26/2009,2009,0,,WSH,PHI,-5.634615385,-0.730769231,5.548076923,-0.259615385,1432.892898,1563.780034,Jason Campbell,Donovan McNabb,17,27,42,0
11/1/2009,2009,0,,NYJ,MIA,0.782051282,-8.967948718,1.570512821,1.820512821,1525.994139,1465.107103,Mark Sanchez,Chad Henne,25,30,34,0
11/1/2009,2009,0,,TEN,JAX,1.416666667,3.737179487,-5.333333333,3.461538462,1447.071603,1467.489171,Vince Young,David Garrard,30,13,29,1
11/1/2009,2009,0,,LAC,OAK,6.368589744,0.259615385,-8.810897436,2.782051282,1544.910281,1366.670008,Philip Rivers,JaMarcus Russell,24,16,19,1
11/1/2009,2009,0,,GB,MIN,8.003205128,-1.602564103,7.096153846,-1.349358974,1546.629058,1606.982341,Aaron Rodgers,Brett Favre,26,38,88,0
11/1/2009,2009,0,,ARI,CAR,0.967948718,0.278846154,-1.483974359,-4.650641026,1579.007937,1451.579109,Kurt Warner,Jake Delhomme,21,34,51,0
11/1/2009,2009,0,,BAL,DEN,4.288461538,-5.282051282,-1.766025641,-2.759615385,1550.147792,1585.522159,Joe Flacco,Kyle Orton,30,7,85,1
11/1/2009,2009,0,,DAL,SEA,0.717948718,-6.275641026,-5.189102564,4.576923077,1577.044589,1440.811303,Tony Romo,Matt Hasselbeck,38,17,50,1
11/1/2009,2009,0,,BUF,HOU,-6.041666667,-2.125,3.21474359,-0.349358974,1462.929611,1505.868756,Ryan Fitzpatrick,Matt Schaub,10,31,40,0
11/1/2009,2009,0,,DET,LAR,-4.913461538,9.108974359,-11.00320513,4.237179487,1321.641958,1294.455713,Matthew Stafford,Marc Bulger,10,17,0,0
11/1/2009,2009,0,,CHI,CLE,-3,1.349358974,-5.564102564,3.28525641,1493.724825,1357.663226,Jay Cutler,Derek Anderson,30,6,15,1
11/1/2009,2009,0,,PHI,NYG,5.548076923,-0.259615385,2.794871795,4.608974359,1581.699894,1582.325602,Donovan McNabb,Eli Manning,40,17,84,1
11/1/2009,2009,0,,IND,SF,5.150641026,-1.580128205,-3.076923077,-2.894230769,1667.250184,1461.365463,Peyton Manning,Alex Smith,18,14,73,1
11/2/2009,2009,0,,NO,ATL,12.33012821,1.330128205,2.230769231,-2.403846154,1659.673461,1560.719998,Drew Brees,Matt Ryan,35,27,93,1
11/8/2009,2009,0,,PHI,DAL,5.548076923,-0.259615385,0.717948718,-6.275641026,1609.461036,1590.383136,Donovan McNabb,Tony Romo,16,20,91,0
11/8/2009,2009,0,,JAX,KC,-5.333333333,3.461538462,-2.753205128,5.826923077,1441.847448,1335.306961,David Garrard,Matt Cassel,24,21,5,1
11/8/2009,2009,0,,TB,GB,-5.073717949,2.490384615,8.003205128,-1.602564103,1356.129112,1521.832628,Josh Freeman,Aaron Rodgers,38,28,28,1
11/8/2009,2009,0,,CHI,ARI,-3,1.349358974,0.967948718,0.278846154,1506.865377,1534.087646,Jay Cutler,Kurt Warner,21,41,58,0
11/8/2009,2009,0,,NYG,LAC,2.794871795,4.608974359,6.368589744,0.259615385,1554.56446,1551.463178,Eli Manning,Philip Rivers,20,21,77,0
11/8/2009,2009,0,,NE,MIA,7.810897436,-4.298076923,1.570512821,1.820512821,1649.54184,1490.504618,Tom Brady,Chad Henne,27,17,78,1
11/8/2009,2009,0,,IND,HOU,5.150641026,-1.580128205,3.21474359,-0.349358974,1670.817212,1533.817881,Peyton Manning,Matt Schaub,20,17,94,1
11/8/2009,2009,0,,CIN,BAL,-2.416666667,-2.862179487,4.288461538,-5.282051282,1520.471634,1578.016785,Carson Palmer,Joe Flacco,17,7,80,1
11/8/2009,2009,0,,ATL,WSH,2.230769231,-2.403846154,-5.634615385,-0.730769231,1549.155505,1414.973039,Matt Ryan,Jason Campbell,31,17,35,1
11/8/2009,2009,0,,NO,CAR,12.33012821,1.330128205,-1.483974359,-4.650641026,1671.237954,1496.4994,Drew Brees,Jake Delhomme,30,20,83,1
11/8/2009,2009,0,,SF,TEN,-3.076923077,-2.894230769,1.416666667,3.737179487,1457.798436,1472.713326,Alex Smith,Vince Young,27,34,24,0
11/8/2009,2009,0,,SEA,DET,-5.189102564,4.576923077,-4.913461538,9.108974359,1427.472756,1291.846764,Matt Hasselbeck,Matthew Stafford,32,20,1,1
11/9/2009,2009,0,,DEN,PIT,-1.766025641,-2.759615385,1.769230769,-0.762820513,1557.653166,1637.390936,Kyle Orton,Ben Roethlisberger,10,28,91,0
11/12/2009,2009,0,,SF,CHI,-3.076923077,-2.894230769,-3,1.349358974,1436.402039,1471.337181,Alex Smith,Jay Cutler,10,6,20,1
11/15/2009,2009,0,,NYJ,JAX,0.782051282,-8.967948718,-5.333333333,3.461538462,1500.596624,1450.369573,Mark Sanchez,David Garrard,22,24,32,0
11/15/2009,2009,0,,OAK,KC,-8.810897436,2.782051282,-2.753205128,5.826923077,1360.117111,1326.784835,JaMarcus Russell,Matt Cassel,10,16,0,0
11/15/2009,2009,0,,LAR,NO,-11.00320513,4.237179487,12.33012821,1.330128205,1324.250908,1679.067056,Marc Bulger,Drew Brees,23,28,38,0
11/15/2009,2009,0,,IND,NE,5.150641026,-1.580128205,7.810897436,-4.298076923,1676.927812,1655.936778,Peyton Manning,Tom Brady,35,34,99,1
11/15/2009,2009,0,,GB,DAL,8.003205128,-1.602564103,0.717948718,-6.275641026,1492.154542,1609.634634,Aaron Rodgers,Tony Romo,17,7,77,1
11/15/2009,2009,0,,MIN,DET,7.096153846,-1.349358974,-4.913461538,9.108974359,1631.778771,1279.430483,Brett Favre,Matthew Stafford,27,10,20,1
11/15/2009,2009,0,,LAC,PHI,6.368589744,0.259615385,5.548076923,-0.259615385,1559.814003,1590.209538,Philip Rivers,Donovan McNabb,31,23,82,1
11/15/2009,2009,0,,WSH,DEN,-5.634615385,-0.730769231,-1.766025641,-2.759615385,1401.473132,1533.703362,Jason Campbell,Kyle Orton,27,17,27,1
11/15/2009,2009,0,,PIT,CIN,1.769230769,-0.762820513,-2.416666667,-2.862179487,1661.34074,1542.526653,Ben Roethlisberger,Carson Palmer,12,18,94,0
11/15/2009,2009,0,,MIA,TB,1.570512821,1.820512821,-5.073717949,2.490384615,1484.10968,1385.807197,Chad Henne,Josh Freeman,25,23,19,1
11/15/2009,2009,0,,ARI,SEA,0.967948718,0.278846154,-5.189102564,4.576923077,1569.615842,1439.889037,Kurt Warner,Matt Hasselbeck,31,20,50,1
11/15/2009,2009,0,,CAR,ATL,-1.483974359,-4.650641026,2.230769231,-2.403846154,1488.670298,1562.655413,Jake Delhomme,Matt Ryan,28,19,56,1
11/15/2009,2009,0,,TEN,BUF,1.416666667,3.737179487,-6.041666667,-2.125,1494.109723,1434.980486,Vince Young,Trent Edwards,41,17,31,1
11/16/2009,2009,0,,CLE,BAL,-5.564102564,3.28525641,4.288461538,-5.282051282,1344.522674,1555.961766,Brady Quinn,Joe Flacco,0,16,27,0
11/19/2009,2009,0,,CAR,MIA,-1.483974359,-4.650641026,1.570512821,1.820512821,1513.791631,1491.760902,Jake Delhomme,Chad Henne,17,24,42,0
11/22/2009,2009,0,,BAL,IND,4.288461538,-5.282051282,5.150641026,-1.580128205,1574.173477,1682.181158,Joe Flacco,Peyton Manning,15,17,96,0
11/22/2009,2009,0,,GB,SF,8.003205128,-1.602564103,-3.076923077,-2.894230769,1521.348235,1453.341226,Aaron Rodgers,Alex Smith,30,24,34,1
11/22/2009,2009,0,,KC,PIT,-2.753205128,5.826923077,1.769230769,-0.762820513,1351.269629,1630.51617,Matt Cassel,Ben Roethlisberger,27,24,40,1
11/22/2009,2009,0,,NYG,ATL,2.794871795,4.608974359,2.230769231,-2.403846154,1546.213634,1537.534079,Eli Manning,Matt Ryan,34,31,69,1
11/22/2009,2009,0,,DET,CLE,-4.913461538,9.108974359,-5.564102564,3.28525641,1276.420032,1326.310963,Matthew Stafford,Brady Quinn,38,37,0,1
11/22/2009,2009,0,,DAL,WSH,0.717948718,-6.275641026,-5.634615385,-0.730769231,1580.440941,1431.834938,Tony Romo,Jason Campbell,7,6,50,1
11/22/2009,2009,0,,TB,NO,-5.073717949,2.490384615,12.33012821,1.330128205,1378.155975,1684.057926,Josh Freeman,Drew Brees,7,38,66,0
11/22/2009,2009,0,,MIN,SEA,7.096153846,-1.349358974,-5.189102564,4.576923077,1634.789221,1428.512746,Brett Favre,Matt Hasselbeck,35,9,66,1
11/22/2009,2009,0,,JAX,BUF,-5.333333333,3.461538462,-6.041666667,-2.125,1466.02582,1413.336756,David Garrard,Ryan Fitzpatrick,18,15,15,1
11/22/2009,2009,0,,NE,NYJ,7.810897436,-4.298076923,0.782051282,-8.967948718,1650.683433,1484.940377,Tom Brady,Mark Sanchez,31,14,80,1
11/22/2009,2009,0,,OAK,CIN,-8.810897436,2.782051282,-2.416666667,-2.862179487,1335.632318,1573.351223,Bruce Gradkowski,Carson Palmer,20,17,29,1
11/22/2009,2009,0,,CHI,PHI,-3,1.349358974,5.548076923,-0.259615385,1454.397994,1572.212025,Jay Cutler,Donovan McNabb,20,24,53,0
11/22/2009,2009,0,,LAR,ARI,-11.00320513,4.237179487,0.967948718,0.278846154,1319.260038,1580.992132,Marc Bulger,Kurt Warner,13,21,21,0
11/22/2009,2009,0,,DEN,LAC,-1.766025641,-2.759615385,6.368589744,0.259615385,1503.341555,1577.811516,Chris Simms,Philip Rivers,3,32,59,0
11/23/2009,2009,0,,HOU,TEN,3.21474359,-0.349358974,1.416666667,3.737179487,1527.707281,1515.753453,Matt Schaub,Vince Young,17,20,69,0
11/26/2009,2009,0,,DET,GB,-4.913461538,9.108974359,8.003205128,-1.602564103,1283.399811,1531.160613,Matthew Stafford,Aaron Rodgers,12,34,10,0
11/26/2009,2009,0,,DEN,NYG,-1.766025641,-2.759615385,2.794871795,4.608974359,1477.653517,1555.644872,Kyle Orton,Eli Manning,26,6,63,1
11/26/2009,2009,0,,DAL,OAK,0.717948718,-6.275641026,-8.810897436,2.782051282,1583.153106,1357.724535,Tony Romo,Bruce Gradkowski,24,7,34,1
11/29/2009,2009,0,,LAC,KC,6.368589744,0.259615385,-2.753205128,5.826923077,1603.499554,1375.435198,Philip Rivers,Matt Cassel,43,14,43,1
11/29/2009,2009,0,,PHI,WSH,5.548076923,-0.259615385,-5.634615385,-0.730769231,1585.436348,1429.122774,Donovan McNabb,Jason Campbell,27,24,47,1
11/29/2009,2009,0,,MIN,CHI,7.096153846,-1.349358974,-3,1.349358974,1643.3423,1441.173671,Brett Favre,Jay Cutler,36,10,74,1
11/29/2009,2009,0,,CIN,CLE,-2.416666667,-2.862179487,-5.564102564,3.28525641,1551.259007,1319.331185,Carson Palmer,Brady Quinn,16,7,21,1
11/29/2009,2009,0,,BAL,PIT,4.288461538,-5.282051282,1.769230769,-0.762820513,1565.599804,1606.3506,Joe Flacco,Dennis Dixon,20,17,72,1
11/29/2009,2009,0,,ATL,TB,2.230769231,-2.403846154,-5.073717949,2.490384615,1528.102841,1364.84855,Matt Ryan,Josh Freeman,20,17,23,1
11/29/2009,2009,0,,SF,JAX,-3.076923077,-2.894230769,-5.333333333,3.461538462,1443.528848,1474.10995,Alex Smith,David Garrard,20,3,21,1
11/29/2009,2009,0,,LAR,SEA,-11.00320513,4.237179487,-5.189102564,4.576923077,1309.93484,1419.959668,Kyle Boller,Matt Hasselbeck,17,27,2,0
11/29/2009,2009,0,,TEN,ARI,1.416666667,3.737179487,0.967948718,0.278846154,1534.39784,1590.317329,Vince Young,Matt Leinart,20,17,56,1
11/29/2009,2009,0,,BUF,MIA,-6.041666667,-2.125,1.570512821,1.820512821,1405.252626,1519.500369,Ryan Fitzpatrick,Chad Henne,31,14,19,1
11/29/2009,2009,0,,HOU,IND,3.21474359,-0.349358974,5.150641026,-1.580128205,1509.062894,1690.754831,Matt Schaub,Peyton Manning,27,35,93,0
11/29/2009,2009,0,,NYJ,CAR,0.782051282,-8.967948718,-1.483974359,-4.650641026,1475.560278,1486.052165,Mark Sanchez,Jake Delhomme,17,6,30,1
11/30/2009,2009,0,,NO,NE,12.33012821,1.330128205,7.810897436,-4.298076923,1697.365352,1660.063532,Drew Brees,Tom Brady,38,17,100,1
12/3/2009,2009,0,,BUF,NYJ,-6.041666667,-2.125,0.782051282,-8.967948718,1439.869842,1497.806698,Ryan Fitzpatrick,Mark Sanchez,13,19,22,0
12/6/2009,2009,0,,WSH,NO,-5.634615385,-0.730769231,12.33012821,1.330128205,1423.376496,1720.559904,Jason Campbell,Drew Brees,30,33,79,0
12/6/2009,2009,0,,CIN,DET,-2.416666667,-2.862179487,-4.913461538,9.108974359,1557.934133,1269.285972,Carson Palmer,Matthew Stafford,23,13,8,1
12/6/2009,2009,0,,JAX,HOU,-5.333333333,3.461538462,3.21474359,-0.349358974,1445.483935,1495.233435,David Garrard,Matt Schaub,23,18,38,1
12/6/2009,2009,0,,MIA,NE,1.570512821,1.820512821,7.810897436,-4.298076923,1484.883152,1636.86898,Chad Henne,Tom Brady,22,21,74,1
12/6/2009,2009,0,,CLE,LAC,-5.564102564,3.28525641,6.368589744,0.259615385,1312.656059,1612.807734,Brady Quinn,Philip Rivers,23,30,31,0
12/6/2009,2009,0,,KC,DEN,-2.753205128,5.826923077,-1.766025641,-2.759615385,1366.127019,1509.985727,Matt Cassel,Kyle Orton,13,44,21,0
12/6/2009,2009,0,,PIT,OAK,1.769230769,-0.762820513,-8.810897436,2.782051282,1596.809676,1348.843068,Ben Roethlisberger,Bruce Gradkowski,24,27,38,0
12/6/2009,2009,0,,NYG,DAL,2.794871795,4.608974359,0.717948718,-6.275641026,1523.312662,1592.034573,Eli Manning,Tony Romo,31,24,79,1
12/6/2009,2009,0,,CHI,LAR,-3,1.349358974,-11.00320513,4.237179487,1432.285516,1288.350106,Jay Cutler,Kyle Boller,17,9,2,1
12/6/2009,2009,0,,SEA,SF,-5.189102564,4.576923077,-3.076923077,-2.894230769,1441.544402,1472.154863,Matt Hasselbeck,Alex Smith,20,17,21,1
12/6/2009,2009,0,,ATL,PHI,2.230769231,-2.403846154,5.548076923,-0.259615385,1534.182773,1591.182626,Chris Redman,Donovan McNabb,7,34,73,0
12/6/2009,2009,0,,CAR,TB,-1.483974359,-4.650641026,-5.073717949,2.490384615,1463.805745,1358.768618,Matt Moore,Josh Freeman,16,6,9,1
12/6/2009,2009,0,,IND,TEN,5.150641026,-1.580128205,1.416666667,3.737179487,1704.58429,1542.63691,Peyton Manning,Vince Young,27,17,96,1
12/6/2009,2009,0,,ARI,MIN,0.967948718,0.278846154,7.096153846,-1.349358974,1582.078259,1652.230454,Kurt Warner,Brett Favre,30,17,97,1
12/7/2009,2009,0,,GB,BAL,8.003205128,-1.602564103,4.288461538,-5.282051282,1545.274451,1575.140729,Aaron Rodgers,Joe Flacco,27,14,83,1
12/10/2009,2009,0,,CLE,PIT,-5.564102564,3.28525641,1.769230769,-0.762820513,1305.046496,1569.289945,Brady Quinn,Ben Roethlisberger,13,6,22,1
12/13/2009,2009,0,,ATL,NO,2.230769231,-2.403846154,12.33012821,1.330128205,1501.726384,1725.116902,Chris Redman,Drew Brees,23,26,91,0
12/13/2009,2009,0,,DAL,LAC,0.717948718,-6.275641026,6.368589744,0.259615385,1570.603169,1620.417297,Tony Romo,Philip Rivers,17,20,93,0
12/13/2009,2009,0,,OAK,WSH,-8.810897436,2.782051282,-5.634615385,-0.730769231,1376.362798,1418.819498,Bruce Gradkowski,Jason Campbell,13,34,13,0
12/13/2009,2009,0,,HOU,SEA,3.21474359,-0.349358974,-5.189102564,4.576923077,1476.764169,1453.697946,Matt Schaub,Matt Hasselbeck,34,7,33,1
12/13/2009,2009,0,,TB,NYJ,-5.073717949,2.490384615,0.782051282,-8.967948718,1342.838748,1517.554426,Josh Freeman,Kellen Clemens,3,26,12,0
12/13/2009,2009,0,,NE,CAR,7.810897436,-4.298076923,-1.483974359,-4.650641026,1626.840589,1479.735614,Tom Brady,Matt Moore,20,10,69,1
12/13/2009,2009,0,,MIN,CIN,7.096153846,-1.349358974,-2.416666667,-2.862179487,1622.124515,1562.781753,Brett Favre,Carson Palmer,30,10,92,1
12/13/2009,2009,0,,KC,BUF,-2.753205128,5.826923077,-6.041666667,-2.125,1341.155383,1420.122114,Matt Cassel,Ryan Fitzpatrick,10,16,2,0
12/13/2009,2009,0,,BAL,DET,4.288461538,-5.282051282,-4.913461538,9.108974359,1554.53863,1264.438353,Joe Flacco,Daunte Culpepper,48,3,4,1
12/13/2009,2009,0,,IND,DEN,5.150641026,-1.580128205,-1.766025641,-2.759615385,1714.683824,1534.957362,Peyton Manning,Kyle Orton,28,16,95,1
12/13/2009,2009,0,,JAX,MIA,-5.333333333,3.461538462,1.570512821,1.820512821,1463.953201,1494.911543,David Garrard,Chad Henne,10,14,33,0
12/13/2009,2009,0,,TEN,LAR,1.416666667,3.737179487,-11.00320513,4.237179487,1532.537376,1277.708698,Vince Young,Keith Null,47,7,6,1
12/13/2009,2009,0,,CHI,GB,-3,1.349358974,8.003205128,-1.602564103,1442.926923,1565.87655,Jay Cutler,Aaron Rodgers,14,21,52,0
12/13/2009,2009,0,,NYG,PHI,2.794871795,4.608974359,5.548076923,-0.259615385,1544.744066,1623.639016,Eli Manning,Donovan McNabb,38,45,85,0
12/14/2009,2009,0,,SF,ARI,-3.076923077,-2.894230769,0.967948718,0.278846154,1460.001319,1612.184198,Alex Smith,Kurt Warner,24,9,68,1
12/17/2009,2009,0,,JAX,IND,-5.333333333,3.461538462,5.150641026,-1.580128205,1445.602931,1723.750853,David Garrard,Peyton Manning,31,35,81,0
12/19/2009,2009,0,,NO,DAL,12.33012821,1.330128205,0.717948718,-6.275641026,1730.967751,1556.394541,Drew Brees,Tony Romo,17,24,99,0
12/20/2009,2009,0,,PIT,GB,1.769230769,-0.762820513,8.003205128,-1.602564103,1534.394556,1580.074475,Ben Roethlisberger,Aaron Rodgers,37,36,80,1
12/20/2009,2009,0,,BUF,NE,-6.041666667,-2.125,7.810897436,-4.298076923,1439.438435,1635.190905,Ryan Fitzpatrick,Tom Brady,10,17,60,0
12/20/2009,2009,0,,DEN,OAK,-1.766025641,-2.759615385,-8.810897436,2.782051282,1525.890333,1341.252138,Kyle Orton,Charlie Frye,19,20,20,0
12/20/2009,2009,0,,DET,ARI,-4.913461538,9.108974359,0.967948718,0.278846154,1256.988314,1573.073008,Daunte Culpepper,Kurt Warner,24,31,4,0
12/20/2009,2009,0,,SEA,TB,-5.189102564,4.576923077,-5.073717949,2.490384615,1430.730405,1317.88002,Matt Hasselbeck,Josh Freeman,7,24,3,0
12/20/2009,2009,0,,LAC,CIN,6.368589744,0.259615385,-2.416666667,-2.862179487,1634.625926,1546.353666,Philip Rivers,Carson Palmer,27,24,89,1
12/20/2009,2009,0,,LAR,HOU,-11.00320513,4.237179487,3.21474359,-0.349358974,1269.961104,1499.73171,Keith Null,Matt Schaub,13,16,3,0
12/20/2009,2009,0,,KC,CLE,-2.753205128,5.826923077,-5.564102564,3.28525641,1321.839062,1339.941884,Matt Cassel,Brady Quinn,34,41,1,0
12/20/2009,2009,0,,BAL,CHI,4.288461538,-5.282051282,-3,1.349358974,1561.988668,1428.728998,Joe Flacco,Jay Cutler,31,7,41,1
12/20/2009,2009,0,,PHI,SF,5.548076923,-0.259615385,-3.076923077,-2.894230769,1643.833664,1499.11251,Donovan McNabb,Alex Smith,27,13,77,1
12/20/2009,2009,0,,CAR,MIN,-1.483974359,-4.650641026,7.096153846,-1.349358974,1471.385298,1638.552602,Matt Moore,Brett Favre,26,7,74,1
12/20/2009,2009,0,,TEN,MIA,1.416666667,3.737179487,1.570512821,1.820512821,1540.284971,1513.261813,Vince Young,Chad Henne,27,24,65,1
12/20/2009,2009,0,,NYJ,ATL,0.782051282,-8.967948718,2.230769231,-2.403846154,1542.513154,1495.875535,Mark Sanchez,Matt Ryan,7,10,51,0
12/21/2009,2009,0,,WSH,NYG,-5.634615385,-0.730769231,2.794871795,4.608974359,1453.930158,1524.549418,Jason Campbell,Eli Manning,12,45,51,0
12/25/2009,2009,0,,TEN,LAC,1.416666667,3.737179487,6.368589744,0.259615385,1548.84259,1641.552132,Vince Young,Philip Rivers,17,42,93,0
12/27/2009,2009,0,,ARI,LAR,0.967948718,0.278846154,-11.00320513,4.237179487,1579.24116,1264.117013,Kurt Warner,Keith Null,31,10,6,1
12/27/2009,2009,0,,IND,NYJ,5.150641026,-1.580128205,0.782051282,-8.967948718,1729.831249,1524.12835,Peyton Manning,Mark Sanchez,15,29,92,0
12/27/2009,2009,0,,PHI,DEN,5.548076923,-0.259615385,-1.766025641,-2.759615385,1655.073103,1513.554908,Donovan McNabb,Kyle Orton,30,27,85,1
12/27/2009,2009,0,,MIA,HOU,1.570512821,1.820512821,3.21474359,-0.349358974,1504.704193,1505.575801,Chad Henne,Matt Schaub,20,27,54,0
12/27/2009,2009,0,,CLE,OAK,-5.564102564,3.28525641,-8.810897436,2.782051282,1361.396217,1353.587563,Derek Anderson,Charlie Frye,23,9,1,1
12/27/2009,2009,0,,CIN,KC,-2.416666667,-2.862179487,-2.753205128,5.826923077,1539.42746,1300.384729,Carson Palmer,Matt Cassel,17,10,10,1
12/27/2009,2009,0,,NE,JAX,7.810897436,-4.298076923,-5.333333333,3.461538462,1645.653331,1439.522536,Tom Brady,David Garrard,35,7,66,1
12/27/2009,2009,0,,PIT,BAL,1.769230769,-0.762820513,4.288461538,-5.282051282,1541.293768,1576.180332,Ben Roethlisberger,Joe Flacco,23,20,81,1
12/27/2009,2009,0,,ATL,BUF,2.230769231,-2.403846154,-6.041666667,-2.125,1514.260338,1428.976009,Matt Ryan,Brian Brohm,31,3,39,1
12/27/2009,2009,0,,SF,DET,-3.076923077,-2.894230769,-4.913461538,9.108974359,1487.873071,1250.820161,Alex Smith,Drew Stanton,20,6,3,1
12/27/2009,2009,0,,NYG,CAR,2.794871795,4.608974359,-1.483974359,-4.650641026,1557.382478,1518.004863,Eli Manning,Matt Moore,9,41,70,0
12/27/2009,2009,0,,NO,TB,12.33012821,1.330128205,-5.073717949,2.490384615,1693.90476,1364.101184,Drew Brees,Josh Freeman,17,20,59,0
12/27/2009,2009,0,,GB,SEA,8.003205128,-1.602564103,-5.189102564,4.576923077,1573.175263,1384.509241,Aaron Rodgers,Matt Hasselbeck,48,10,38,1
12/27/2009,2009,0,,WSH,DAL,-5.634615385,-0.730769231,0.717948718,-6.275641026,1421.097099,1593.457532,Jason Campbell,Tony Romo,0,17,56,0
12/28/2009,2009,0,,CHI,MIN,-3,1.349358974,7.096153846,-1.349358974,1414.537335,1591.933038,Jay Cutler,Brett Favre,36,30,46,1
1/3/2010,2009,0,,BUF,IND,-6.041666667,-2.125,5.150641026,-1.580128205,1406.31351,1676.888359,Ryan Fitzpatrick,Peyton Manning,30,7,60,1
1/3/2010,2009,0,,CLE,JAX,-5.564102564,3.28525641,-5.333333333,3.461538462,1385.255966,1429.069045,Derek Anderson,David Garrard,23,17,6,1
1/3/2010,2009,0,,DEN,KC,-1.766025641,-2.759615385,-2.753205128,5.826923077,1507.112974,1294.826319,Kyle Orton,Matt Cassel,24,44,7,0
1/3/2010,2009,0,,HOU,NE,3.21474359,-0.349358974,7.810897436,-4.298076923,1527.912951,1656.106821,Matt Schaub,Tom Brady,34,27,91,1
1/3/2010,2009,0,,OAK,BAL,-8.810897436,2.782051282,4.288461538,-5.282051282,1329.727814,1563.716801,Charlie Frye,Joe Flacco,13,21,21,0
1/3/2010,2009,0,,TB,ATL,-5.073717949,2.490384615,2.230769231,-2.403846154,1394.942225,1536.922837,Josh Freeman,Matt Ryan,10,20,29,0
1/3/2010,2009,0,,LAR,SF,-11.00320513,4.237179487,-3.076923077,-2.894230769,1258.958813,1497.549277,Keith Null,Alex Smith,6,28,1,0
1/3/2010,2009,0,,LAC,WSH,6.368589744,0.259615385,-5.634615385,-0.730769231,1671.6415,1403.729641,Philip Rivers,Jason Campbell,23,20,66,1
1/3/2010,2009,0,,NYJ,CIN,0.782051282,-8.967948718,-2.416666667,-2.862179487,1577.07124,1544.98587,Mark Sanchez,Carson Palmer,37,0,73,1
1/3/2010,2009,0,,MIN,NYG,7.096153846,-1.349358974,2.794871795,4.608974359,1561.446989,1506.52215,Brett Favre,Eli Manning,44,7,75,1
1/3/2010,2009,0,,CAR,NO,-1.483974359,-4.650641026,12.33012821,1.330128205,1568.86519,1663.063718,Matt Moore,Mark Brunell,23,10,70,1
1/3/2010,2009,0,,ARI,GB,0.967948718,0.278846154,8.003205128,-1.602564103,1584.399361,1583.944868,Kurt Warner,Aaron Rodgers,7,33,88,0
1/3/2010,2009,0,,DAL,PHI,0.717948718,-6.275641026,5.548076923,-0.259615385,1610.824989,1661.515037,Tony Romo,Donovan McNabb,24,0,97,1
1/3/2010,2009,0,,DET,CHI,-4.913461538,9.108974359,-3,1.349358974,1241.143955,1445.023384,Daunte Culpepper,Jay Cutler,23,37,0,0
1/3/2010,2009,0,,MIA,PIT,1.570512821,1.820512821,1.769230769,-0.762820513,1482.367043,1553.757299,Chad Henne,Ben Roethlisberger,24,30,58,0
1/3/2010,2009,0,,SEA,TEN,-5.189102564,4.576923077,1.416666667,3.737179487,1373.739636,1518.753222,Matt Hasselbeck,Vince Young,13,17,20,0
9/9/2010,2010,0,,NO,MIN,2.28525641,-0.128205128,-4.179487179,-2.730769231,1609.127864,1563.20755,Drew Brees,Brett Favre,14,9,91,1
9/12/2010,2010,0,,JAX,DEN,-1.099358974,3.182692308,-1.836538462,6.275641026,1451.415082,1460.145899,David Garrard,Kyle Orton,24,17,26,1
9/12/2010,2010,0,,WSH,DAL,-3.756410256,-0.349358974,1.900641026,4.919871795,1463.0405,1581.238833,Donovan McNabb,Tony Romo,13,7,62,1
9/12/2010,2010,0,,BUF,MIA,-1.724358974,3.599358974,-3.096153846,-2.746794872,1408.947639,1504.37856,Trent Edwards,Chad Henne,10,15,25,0
9/12/2010,2010,0,,NE,CIN,12.05128205,-1.336538462,1.092948718,3.429487179,1558.622046,1497.207657,Tom Brady,Carson Palmer,38,24,63,1
9/12/2010,2010,0,,LAR,ARI,-4.971153846,1.201923077,-3.647435897,6.336538462,1346.723937,1497.517941,Sam Bradford,Derek Anderson,13,17,10,0
9/12/2010,2010,0,,TEN,OAK,0.025641026,-1.855769231,0.173076923,2.766025641,1505.104613,1403.908386,Vince Young,Jason Campbell,38,13,29,1
9/12/2010,2010,0,,PIT,ATL,1.923076923,-7.272435897,4.294871795,-2.926282051,1528.00685,1551.505914,Dennis Dixon,Matt Ryan,15,9,62,1
9/12/2010,2010,0,,HOU,IND,1.900641026,4.230769231,3.256410256,-0.576923077,1523.851662,1596.546046,Matt Schaub,Peyton Manning,34,24,81,1
9/12/2010,2010,0,,SEA,SF,-3.496794872,6.21474359,-5.288461538,0.233974359,1441.082689,1528.534528,Matt Hasselbeck,Alex Smith,31,6,36,1
9/12/2010,2010,0,,TB,CLE,-0.932692308,-0.810897436,-3.862179487,-2.967948718,1417.000766,1409.551587,Josh Freeman,Jake Delhomme,17,14,9,1
9/12/2010,2010,0,,CHI,DET,-2.253205128,-3.657051282,3.442307692,2.009615385,1489.721694,1356.335492,Jay Cutler,Matthew Stafford,19,14,13,1
9/12/2010,2010,0,,NYG,CAR,1.054487179,-1.355769231,-9.08974359,3.916666667,1522.023577,1490.784151,Eli Manning,Matt Moore,31,18,51,1
9/12/2010,2010,0,,PHI,GB,5.096153846,1.067307692,3.689102564,-7.756410256,1537.321214,1561.10532,Kevin Kolb,Aaron Rodgers,20,27,74,0
9/13/2010,2010,0,,NYJ,BAL,1.182692308,-3.301282051,2.016025641,-4.08974359,1568.459173,1575.37372,Mark Sanchez,Joe Flacco,9,10,80,0
9/13/2010,2010,0,,KC,LAC,0.112179487,-2.592948718,3.737179487,-2.929487179,1425.208388,1600.077123,Matt Cassel,Philip Rivers,21,14,53,1
9/19/2010,2010,0,,GB,BUF,3.689102564,-7.756410256,-1.724358974,3.599358974,1583.34662,1393.054684,Aaron Rodgers,Trent Edwards,34,7,38,1
9/19/2010,2010,0,,TEN,PIT,0.025641026,-1.855769231,1.923076923,-7.272435897,1523.177221,1546.808306,Vince Young,Dennis Dixon,11,19,62,0
9/19/2010,2010,0,,OAK,LAR,0.173076923,2.766025641,-4.971153846,1.201923077,1385.835779,1332.205057,Jason Campbell,Sam Bradford,16,14,3,1
9/19/2010,2010,0,,DAL,CHI,1.900641026,4.919871795,-2.253205128,-3.657051282,1558.230079,1498.108987,Tony Romo,Jay Cutler,20,27,65,0
9/19/2010,2010,0,,ATL,ARI,4.294871795,-2.926282051,-3.647435897,6.336538462,1532.704458,1512.03682,Matt Ryan,Derek Anderson,41,7,51,1
9/19/2010,2010,0,,CIN,BAL,1.092948718,3.429487179,2.016025641,-4.08974359,1480.57477,1583.491372,Carson Palmer,Joe Flacco,15,10,64,1
9/19/2010,2010,0,,MIN,MIA,-4.179487179,-2.730769231,-3.096153846,-2.746794872,1551.485594,1520.271514,Brett Favre,Chad Henne,10,14,68,0
9/19/2010,2010,0,,DEN,SEA,-1.836538462,6.275641026,-3.496794872,6.21474359,1442.612027,1477.703306,Kyle Orton,Matt Hasselbeck,31,14,28,1
9/19/2010,2010,0,,DET,PHI,3.442307692,2.009615385,5.096153846,1.067307692,1347.9482,1515.079914,Shaun Hill,Michael Vick,32,35,13,0
9/19/2010,2010,0,,NYJ,NE,1.182692308,-3.301282051,12.05128205,-1.336538462,1560.34152,1575.254932,Mark Sanchez,Tom Brady,28,14,81,1
9/19/2010,2010,0,,WSH,HOU,-3.756410256,-0.349358974,1.900641026,4.230769231,1486.049254,1549.59364,Donovan McNabb,Matt Schaub,27,30,57,0
9/19/2010,2010,0,,CLE,KC,-3.862179487,-2.967948718,0.112179487,-2.592948718,1398.454575,1454.594204,Seneca Wallace,Matt Cassel,14,16,24,0
9/19/2010,2010,0,,IND,NYG,3.256410256,-0.576923077,1.054487179,-1.355769231,1570.804069,1540.450778,Peyton Manning,Eli Manning,38,14,80,1
9/19/2010,2010,0,,LAC,JAX,3.737179487,-2.929487179,-1.099358974,3.182692308,1570.691307,1468.948954,Philip Rivers,David Garrard,38,13,61,1
9/19/2010,2010,0,,CAR,TB,-9.08974359,3.916666667,-0.932692308,-0.810897436,1472.35695,1428.097778,Matt Moore,Josh Freeman,7,20,20,0
9/20/2010,2010,0,,SF,NO,-5.288461538,0.233974359,2.28525641,-0.128205128,1491.913911,1620.84982,Alex Smith,Drew Brees,22,25,76,0
9/26/2010,2010,0,,HOU,DAL,1.900641026,4.230769231,1.900641026,4.919871795,1563.643909,1528.730106,Matt Schaub,Tony Romo,13,27,74,0
9/26/2010,2010,0,,TB,PIT,-0.932692308,-0.810897436,1.923076923,-7.272435897,1462.445578,1573.445666,Josh Freeman,Charlie Batch,13,38,64,0
9/26/2010,2010,0,,NYG,TEN,1.054487179,-1.355769231,0.025641026,-1.855769231,1518.994026,1496.53986,Eli Manning,Vince Young,10,29,51,0
9/26/2010,2010,0,,NE,BUF,12.05128205,-1.336538462,-1.724358974,3.599358974,1550.003272,1381.692955,Tom Brady,Ryan Fitzpatrick,38,30,32,1
9/26/2010,2010,0,,KC,SF,0.112179487,-2.592948718,-5.288461538,0.233974359,1467.831562,1483.107628,Matt Cassel,Alex Smith,31,10,33,1
9/26/2010,2010,0,,ARI,OAK,-3.647435897,6.336538462,0.173076923,2.766025641,1488.779824,1393.010698,Derek Anderson,Bruce Gradkowski,24,23,12,1
9/26/2010,2010,0,,MIN,DET,-4.179487179,-2.730769231,3.442307692,2.009615385,1529.618955,1337.94441,Brett Favre,Shaun Hill,24,10,16,1
9/26/2010,2010,0,,DEN,IND,-1.836538462,6.275641026,3.256410256,-0.576923077,1468.918352,1592.260821,Kyle Orton,Peyton Manning,13,27,71,0
9/26/2010,2010,0,,LAR,WSH,-4.971153846,1.201923077,-3.756410256,-0.349358974,1325.030138,1471.998985,Sam Bradford,Donovan McNabb,30,16,9,1
9/26/2010,2010,0,,SEA,LAC,-3.496794872,6.21474359,3.737179487,-2.929487179,1451.396982,1587.526441,Matt Hasselbeck,Philip Rivers,27,20,59,1
9/26/2010,2010,0,,BAL,CLE,2.016025641,-4.08974359,-3.862179487,-2.967948718,1563.590658,1385.217217,Joe Flacco,Seneca Wallace,24,17,43,1
9/26/2010,2010,0,,NO,ATL,2.28525641,-0.128205128,4.294871795,-2.926282051,1629.656103,1555.961455,Drew Brees,Matt Ryan,24,27,90,0
9/26/2010,2010,0,,MIA,NYJ,-3.096153846,-2.746794872,1.182692308,-3.301282051,1542.138153,1585.593181,Chad Henne,Mark Sanchez,23,31,77,0
9/26/2010,2010,0,,JAX,PHI,-1.099358974,3.182692308,5.096153846,1.067307692,1452.11382,1525.083703,David Garrard,Michael Vick,3,28,37,0
9/26/2010,2010,0,,CAR,CIN,-9.08974359,3.916666667,1.092948718,3.429487179,1438.009151,1500.475485,Jimmy Clausen,Carson Palmer,7,20,41,0
9/27/2010,2010,0,,CHI,GB,-2.253205128,-3.657051282,3.689102564,-7.756410256,1527.60896,1594.708349,Jay Cutler,Aaron Rodgers,20,17,81,1
10/3/2010,2010,0,,PIT,BAL,1.923076923,-7.272435897,2.016025641,-4.08974359,1598.833943,1574.291507,Charlie Batch,Joe Flacco,14,17,89,0
10/3/2010,2010,0,,ATL,SF,4.294871795,-2.926282051,-5.288461538,0.233974359,1576.601806,1456.077908,Matt Ryan,Alex Smith,16,14,56,1
10/3/2010,2010,0,,GB,DET,3.689102564,-7.756410256,3.442307692,2.009615385,1580.389358,1328.006838,Aaron Rodgers,Shaun Hill,28,26,26,1
10/3/2010,2010,0,,JAX,IND,-1.099358974,3.182692308,3.256410256,-0.576923077,1420.067611,1612.5577,David Garrard,Peyton Manning,31,28,54,1
10/3/2010,2010,0,,NO,CAR,2.28525641,-0.128205128,-9.08974359,3.916666667,1609.015751,1409.597343,Drew Brees,Jimmy Clausen,16,14,62,1
10/3/2010,2010,0,,TEN,DEN,0.025641026,-1.855769231,-1.836538462,6.275641026,1534.806469,1448.621473,Vince Young,Kyle Orton,20,26,48,0
10/3/2010,2010,0,,BUF,NYJ,-1.724358974,3.599358974,1.182692308,-3.301282051,1373.26283,1608.304637,Ryan Fitzpatrick,Mark Sanchez,14,38,44,0
10/3/2010,2010,0,,LAR,SEA,-4.971153846,1.201923077,-3.496794872,6.21474359,1360.381679,1478.295645,Sam Bradford,Matt Hasselbeck,20,3,14,1
10/3/2010,2010,0,,LAC,ARI,3.737179487,-2.929487179,-3.647435897,6.336538462,1560.627778,1493.043989,Philip Rivers,Derek Anderson,41,10,54,1
10/3/2010,2010,0,,PHI,WSH,5.096153846,1.067307692,-3.756410256,-0.349358974,1557.129912,1436.647444,Michael Vick,Donovan McNabb,12,17,48,0
10/3/2010,2010,0,,NYG,CHI,1.054487179,-1.355769231,-2.253205128,-3.657051282,1480.727417,1541.927951,Eli Manning,Jay Cutler,17,3,57,1
10/3/2010,2010,0,,OAK,HOU,0.173076923,2.766025641,1.900641026,4.230769231,1388.746533,1528.555232,Bruce Gradkowski,Matt Schaub,24,31,22,0
10/3/2010,2010,0,,CLE,CIN,-3.862179487,-2.967948718,1.092948718,3.429487179,1374.516368,1528.887292,Seneca Wallace,Carson Palmer,23,20,35,1
10/4/2010,2010,0,,MIA,NE,-3.096153846,-2.746794872,12.05128205,-1.336538462,1519.426697,1558.433397,Chad Henne,Tom Brady,14,41,71,0
10/10/2010,2010,0,,SF,PHI,-5.288461538,0.233974359,5.096153846,1.067307692,1451.220696,1529.552736,Alex Smith,Kevin Kolb,24,27,36,0
10/10/2010,2010,0,,HOU,NYG,1.900641026,4.230769231,1.054487179,-1.355769231,1543.581512,1509.12923,Matt Schaub,Eli Manning,10,34,61,0
10/10/2010,2010,0,,DET,LAR,3.442307692,2.009615385,-4.971153846,1.201923077,1325.3491,1393.671821,Shaun Hill,Sam Bradford,44,6,3,1
10/10/2010,2010,0,,CLE,ATL,-3.862179487,-2.967948718,4.294871795,-2.926282051,1390.554894,1581.459018,Seneca Wallace,Matt Ryan,10,20,53,0
10/10/2010,2010,0,,CAR,CHI,-9.08974359,3.916666667,-2.253205128,-3.657051282,1405.832452,1513.526138,Jimmy Clausen,Todd Collins,6,23,26,0
10/10/2010,2010,0,,DAL,TEN,1.900641026,4.919871795,0.025641026,-1.855769231,1563.818783,1507.240397,Tony Romo,Vince Young,27,34,69,0
10/10/2010,2010,0,,OAK,LAC,0.173076923,2.766025641,3.737179487,-2.929487179,1373.720253,1578.554001,Bruce Gradkowski,Philip Rivers,35,27,31,1
10/10/2010,2010,0,,IND,KC,3.256410256,-0.576923077,0.112179487,-2.592948718,1590.245532,1494.861282,Peyton Manning,Matt Cassel,19,9,75,1
10/10/2010,2010,0,,BUF,JAX,-1.724358974,3.599358974,-1.099358974,3.182692308,1357.520049,1442.379779,Ryan Fitzpatrick,David Garrard,26,36,8,0
10/10/2010,2010,0,,CIN,TB,1.092948718,3.429487179,-0.932692308,-0.810897436,1512.848767,1437.0573,Carson Palmer,Josh Freeman,21,24,37,0
10/10/2010,2010,0,,ARI,NO,-3.647435897,6.336538462,2.28525641,-0.128205128,1475.117767,1612.780643,Max Hall,Drew Brees,30,20,55,1
10/10/2010,2010,0,,BAL,DEN,2.016025641,-4.08974359,-1.836538462,6.275641026,1593.415814,1476.187545,Joe Flacco,Kyle Orton,31,17,70,1
10/10/2010,2010,0,,WSH,GB,-3.756410256,-0.349358974,3.689102564,-7.756410256,1464.224619,1583.047096,Donovan McNabb,Aaron Rodgers,16,13,65,1
10/11/2010,2010,0,,NYJ,MIN,1.182692308,-3.301282051,-4.179487179,-2.730769231,1624.047417,1539.556527,Mark Sanchez,Brett Favre,29,20,85,1
10/17/2010,2010,0,,CHI,SEA,-2.253205128,-3.657051282,-3.496794872,6.21474359,1542.624503,1445.005503,Jay Cutler,Matt Hasselbeck,20,23,46,0
10/17/2010,2010,0,,HOU,KC,1.900641026,4.230769231,0.112179487,-2.592948718,1500.51699,1481.650289,Matt Schaub,Matt Cassel,35,31,41,1
10/17/2010,2010,0,,DEN,NYJ,-1.836538462,6.275641026,1.182692308,-3.301282051,1461.890794,1637.335126,Kyle Orton,Mark Sanchez,20,24,78,0
10/17/2010,2010,0,,SF,OAK,-5.288461538,0.233974359,0.173076923,2.766025641,1437.410551,1408.262567,Alex Smith,Jason Campbell,17,9,16,1
10/17/2010,2010,0,,PIT,CLE,1.923076923,-7.272435897,-3.862179487,-2.967948718,1579.709636,1373.533325,Ben Roethlisberger,Colt McCoy,28,10,49,1
10/17/2010,2010,0,,NE,BAL,12.05128205,-1.336538462,2.016025641,-4.08974359,1592.559855,1607.712565,Tom Brady,Joe Flacco,23,20,91,1
10/17/2010,2010,0,,NYG,DET,1.054487179,-1.355769231,3.442307692,2.009615385,1552.193752,1362.588548,Eli Manning,Shaun Hill,28,20,31,1
10/17/2010,2010,0,,LAR,LAC,-4.971153846,1.201923077,3.737179487,-2.929487179,1356.432373,1544.011686,Sam Bradford,Philip Rivers,20,17,25,1
10/17/2010,2010,0,,TB,NO,-0.932692308,-0.810897436,2.28525641,-0.128205128,1456.13945,1575.832821,Josh Freeman,Drew Brees,6,31,59,0
10/17/2010,2010,0,,GB,MIA,3.689102564,-7.756410256,-3.096153846,-2.746794872,1566.098208,1485.30024,Aaron Rodgers,Chad Henne,20,23,63,0
10/17/2010,2010,0,,MIN,DAL,-4.179487179,-2.730769231,1.900641026,4.919871795,1526.268819,1531.894283,Brett Favre,Tony Romo,24,21,63,1
10/17/2010,2010,0,,PHI,ATL,5.096153846,1.067307692,4.294871795,-2.926282051,1543.362881,1598.480587,Kevin Kolb,Matt Ryan,31,17,79,1
10/17/2010,2010,0,,WSH,IND,-3.756410256,-0.349358974,3.256410256,-0.576923077,1481.173507,1603.456526,Donovan McNabb,Peyton Manning,24,27,72,0
10/18/2010,2010,0,,JAX,TEN,-1.099358974,3.182692308,0.025641026,-1.855769231,1465.678834,1539.164896,David Garrard,Vince Young,3,30,49,0
10/24/2010,2010,0,,SEA,ARI,-3.496794872,6.21474359,-3.647435897,6.336538462,1465.952637,1512.065588,Matt Hasselbeck,Max Hall,22,10,27,1
10/24/2010,2010,0,,LAC,NE,3.737179487,-2.929487179,12.05128205,-1.336538462,1523.544484,1603.301661,Philip Rivers,Tom Brady,20,23,79,0
10/24/2010,2010,0,,CAR,SF,-9.08974359,3.916666667,-5.288461538,0.233974359,1376.734087,1454.156245,Matt Moore,Alex Smith,23,20,11,1
10/24/2010,2010,0,,CHI,WSH,-2.253205128,-3.657051282,-3.756410256,-0.349358974,1521.677369,1470.671137,Jay Cutler,Donovan McNabb,14,17,47,0
10/24/2010,2010,0,,GB,MIN,3.689102564,-7.756410256,-4.179487179,-2.730769231,1546.554437,1538.978596,Aaron Rodgers,Brett Favre,28,24,67,1
10/24/2010,2010,0,,MIA,PIT,-3.096153846,-2.746794872,1.923076923,-7.272435897,1504.844011,1586.077252,Chad Henne,Ben Roethlisberger,22,23,83,0
10/24/2010,2010,0,,TEN,PHI,0.025641026,-1.855769231,5.096153846,1.067307692,1570.965474,1571.83173,Kerry Collins,Kevin Kolb,37,19,73,1
10/24/2010,2010,0,,BAL,BUF,2.016025641,-4.08974359,-1.724358974,3.599358974,1596.970759,1334.220994,Joe Flacco,Ryan Fitzpatrick,37,34,33,1
10/24/2010,2010,0,,ATL,CIN,4.294871795,-2.926282051,1.092948718,3.429487179,1570.011738,1493.766617,Matt Ryan,Carson Palmer,39,32,66,1
10/24/2010,2010,0,,NO,CLE,2.28525641,-0.128205128,-3.862179487,-2.967948718,1601.79321,1367.16571,Drew Brees,Colt McCoy,17,30,40,0
10/24/2010,2010,0,,KC,JAX,0.112179487,-2.592948718,-1.099358974,3.182692308,1468.989109,1433.878257,Matt Cassel,Todd Bouman,42,20,13,1
10/24/2010,2010,0,,TB,LAR,-0.932692308,-0.810897436,-4.971153846,1.201923077,1430.179062,1376.899575,Josh Freeman,Sam Bradford,18,17,10,1
10/24/2010,2010,0,,DEN,OAK,-1.836538462,6.275641026,0.173076923,2.766025641,1450.655695,1391.516873,Kyle Orton,Jason Campbell,14,59,16,0
10/25/2010,2010,0,,DAL,NYG,1.900641026,4.919871795,1.054487179,-1.355769231,1519.184506,1560.851157,Tony Romo,Eli Manning,35,41,73,0
10/31/2010,2010,0,,LAC,TEN,3.737179487,-2.929487179,0.025641026,-1.855769231,1510.329791,1598.349047,Philip Rivers,Vince Young,33,25,74,1
10/31/2010,2010,1,,DEN,SF,-1.836538462,6.275641026,-5.288461538,0.233974359,1394.346739,1440.496989,Kyle Orton,Troy Smith,16,24,9,0
10/31/2010,2010,0,,NE,MIN,12.05128205,-1.336538462,-4.179487179,-2.730769231,1616.516354,1527.095479,Tom Brady,Brett Favre,28,18,76,1
10/31/2010,2010,0,,KC,BUF,0.112179487,-2.592948718,-1.724358974,3.599358974,1484.852284,1330.33634,Matt Cassel,Ryan Fitzpatrick,13,10,15,1
10/31/2010,2010,0,,CIN,MIA,1.092948718,3.429487179,-3.096153846,-2.746794872,1479.799333,1499.60621,Carson Palmer,Chad Henne,14,22,50,0
10/31/2010,2010,0,,NO,PIT,2.28525641,-0.128205128,1.923076923,-7.272435897,1550.375408,1591.315053,Drew Brees,Ben Roethlisberger,20,10,90,1
10/31/2010,2010,0,,LAR,CAR,-4.971153846,1.201923077,-9.08974359,3.916666667,1372.49339,1390.393343,Sam Bradford,Matt Moore,20,10,5,1
10/31/2010,2010,0,,NYJ,GB,1.182692308,-3.301282051,3.689102564,-7.756410256,1648.570225,1558.437554,Mark Sanchez,Aaron Rodgers,0,9,91,0
10/31/2010,2010,0,,DAL,JAX,1.900641026,4.919871795,-1.099358974,3.182692308,1497.445249,1418.015082,Jon Kitna,David Garrard,17,35,7,0
10/31/2010,2010,0,,DET,WSH,3.442307692,2.009615385,-3.756410256,-0.349358974,1353.931143,1489.883228,Matthew Stafford,Donovan McNabb,37,25,7,1
10/31/2010,2010,0,,ARI,TB,-3.647435897,6.336538462,-0.932692308,-0.810897436,1490.805883,1434.585247,Max Hall,Josh Freeman,35,38,18,0
10/31/2010,2010,0,,OAK,SEA,0.173076923,2.766025641,-3.496794872,6.21474359,1447.825828,1487.212342,Jason Campbell,Matt Hasselbeck,33,3,32,1
11/1/2010,2010,0,,IND,HOU,3.256410256,-0.576923077,1.900641026,4.230769231,1613.958895,1513.178169,Peyton Manning,Matt Schaub,30,17,80,1
11/7/2010,2010,0,,CAR,NO,-9.08974359,3.916666667,2.28525641,-0.128205128,1369.355596,1577.999883,Matt Moore,Drew Brees,3,34,32,0
11/7/2010,2010,0,,OAK,KC,0.173076923,2.766025641,0.112179487,-2.592948718,1479.273391,1491.111947,Jason Campbell,Matt Cassel,23,20,46,1
11/7/2010,2010,0,,ATL,TB,4.294871795,-2.926282051,-0.932692308,-0.810897436,1583.979023,1450.193425,Matt Ryan,Josh Freeman,27,21,64,1
11/7/2010,2010,0,,CLE,NE,-3.862179487,-2.967948718,12.05128205,-1.336538462,1418.583512,1628.761829,Colt McCoy,Tom Brady,34,14,57,1
11/7/2010,2010,0,,HOU,LAC,1.900641026,4.230769231,3.737179487,-2.929487179,1500.209449,1533.411588,Matt Schaub,Philip Rivers,23,29,57,0
11/7/2010,2010,0,,DET,NYJ,3.442307692,2.009615385,1.182692308,-3.301282051,1385.874228,1612.135744,Matthew Stafford,Mark Sanchez,20,23,36,0
11/7/2010,2010,0,,BAL,MIA,2.016025641,-4.08974359,-3.096153846,-2.746794872,1600.855413,1525.002584,Joe Flacco,Chad Henne,26,10,82,1
11/7/2010,2010,0,,PHI,IND,5.096153846,1.067307692,3.256410256,-0.576923077,1544.448156,1626.927616,Michael Vick,Peyton Manning,26,24,85,1
11/7/2010,2010,0,,GB,DAL,3.689102564,-7.756410256,1.900641026,4.919871795,1594.872035,1464.53209,Aaron Rodgers,Jon Kitna,45,7,32,1
11/7/2010,2010,0,,BUF,CHI,-1.724358974,3.599358974,-2.253205128,-3.657051282,1324.076678,1502.465279,Ryan Fitzpatrick,Jay Cutler,19,22,13,0
11/7/2010,2010,0,,SEA,NYG,-3.496794872,6.21474359,1.054487179,-1.355769231,1455.764779,1582.590414,Charlie Whitehurst,Eli Manning,7,41,65,0
11/7/2010,2010,0,,MIN,ARI,-4.179487179,-2.730769231,-3.647435897,6.336538462,1514.850004,1475.197706,Brett Favre,Derek Anderson,27,24,34,1
11/8/2010,2010,0,,CIN,PIT,1.092948718,3.429487179,1.923076923,-7.272435897,1454.402958,1563.690577,Carson Palmer,Ben Roethlisberger,21,27,68,0
11/11/2010,2010,0,,ATL,BAL,4.294871795,-2.926282051,2.016025641,-4.08974359,1592.234382,1615.379203,Matt Ryan,Joe Flacco,26,21,94,1
11/14/2010,2010,0,,TB,CAR,-0.932692308,-0.810897436,-9.08974359,3.916666667,1441.938065,1350.254501,Josh Freeman,Jimmy Clausen,31,16,8,1
11/14/2010,2010,0,,NYG,DAL,1.054487179,-1.355769231,1.900641026,4.919871795,1609.958808,1453.951758,Eli Manning,Jon Kitna,20,33,36,0
11/14/2010,2010,0,,IND,CIN,3.256410256,-0.576923077,1.092948718,3.429487179,1614.935859,1440.598266,Peyton Manning,Carson Palmer,23,17,64,1
11/14/2010,2010,0,,MIA,TEN,-3.096153846,-2.746794872,0.025641026,-1.855769231,1510.478794,1575.26725,Chad Pennington,Kerry Collins,29,17,60,1
11/14/2010,2010,0,,DEN,KC,-1.836538462,6.275641026,0.112179487,-2.592948718,1372.497919,1479.59368,Kyle Orton,Matt Cassel,49,29,18,1
11/14/2010,2010,0,,BUF,DET,-1.724358974,3.599358974,3.442307692,2.009615385,1315.21026,1379.32485,Ryan Fitzpatrick,Shaun Hill,14,12,2,1
11/14/2010,2010,0,,CHI,MIN,-2.253205128,-3.657051282,-4.179487179,-2.730769231,1511.331696,1524.297519,Jay Cutler,Brett Favre,27,13,56,1
11/14/2010,2010,0,,SF,LAR,-5.288461538,0.233974359,-4.971153846,1.201923077,1462.345809,1393.531137,Troy Smith,Sam Bradford,23,20,14,1
11/14/2010,2010,0,,ARI,SEA,-3.647435897,6.336538462,-3.496794872,6.21474359,1465.75019,1428.396385,Derek Anderson,Matt Hasselbeck,18,36,16,0
11/14/2010,2010,0,,PIT,NE,1.923076923,-7.272435897,12.05128205,-1.336538462,1577.495269,1585.691782,Ben Roethlisberger,Tom Brady,26,39,91,0
11/14/2010,2010,0,,JAX,HOU,-1.099358974,3.182692308,1.900641026,4.230769231,1450.928241,1480.156057,David Garrard,Matt Schaub,31,24,30,1
11/14/2010,2010,0,,CLE,NYJ,-3.862179487,-2.967948718,1.182692308,-3.301282051,1461.653558,1618.685123,Colt McCoy,Mark Sanchez,20,26,70,0
11/15/2010,2010,0,,WSH,PHI,-3.756410256,-0.349358974,5.096153846,1.067307692,1457.940142,1556.439913,Donovan McNabb,Michael Vick,28,59,46,0
11/18/2010,2010,0,,MIA,CHI,-3.096153846,-2.746794872,-2.253205128,-3.657051282,1535.192182,1533.404349,Tyler Thigpen,Jay Cutler,0,16,68,0
11/21/2010,2010,0,,PIT,OAK,1.923076923,-7.272435897,0.173076923,2.766025641,1542.417051,1490.791658,Ben Roethlisberger,Jason Campbell,35,3,70,1
11/21/2010,2010,0,,MIN,GB,-4.179487179,-2.730769231,3.689102564,-7.756410256,1502.224867,1605.452367,Brett Favre,Aaron Rodgers,3,31,71,0
11/21/2010,2010,0,,PHI,NYG,5.096153846,1.067307692,1.054487179,-1.355769231,1588.523528,1555.790358,Michael Vick,Eli Manning,27,17,87,1
11/21/2010,2010,0,,DAL,DET,1.900641026,4.919871795,3.442307692,2.009615385,1508.120207,1368.522787,Jon Kitna,Shaun Hill,35,19,8,1
11/21/2010,2010,0,,KC,ARI,0.112179487,-2.592948718,-3.647435897,6.336538462,1447.12129,1427.417294,Matt Cassel,Derek Anderson,31,13,19,1
11/21/2010,2010,0,,NO,SEA,2.28525641,-0.128205128,-3.496794872,6.21474359,1597.100978,1466.729281,Drew Brees,Matt Hasselbeck,34,19,63,1
11/21/2010,2010,0,,TEN,WSH,0.025641026,-1.855769231,-3.756410256,-0.349358974,1550.553862,1425.856528,Vince Young,Donovan McNabb,16,19,38,0
11/21/2010,2010,0,,LAR,ATL,-4.971153846,1.201923077,4.294871795,-2.926282051,1383.847299,1608.271152,Sam Bradford,Matt Ryan,17,34,52,0
11/21/2010,2010,0,,SF,TB,-5.288461538,0.233974359,-0.932692308,-0.810897436,1472.029647,1456.516973,Troy Smith,Josh Freeman,0,21,32,0
11/21/2010,2010,0,,CAR,BAL,-9.08974359,3.916666667,2.016025641,-4.08974359,1335.675594,1599.342433,Brian St. Pierre,Joe Flacco,13,37,28,0
11/21/2010,2010,0,,JAX,CLE,-1.099358974,3.182692308,-3.862179487,-2.967948718,1466.990287,1447.880021,David Garrard,Colt McCoy,24,20,34,1
11/21/2010,2010,0,,NE,IND,12.05128205,-1.336538462,3.256410256,-0.576923077,1620.770001,1622.654314,Tom Brady,Peyton Manning,31,28,94,1
11/21/2010,2010,0,,NYJ,HOU,1.182692308,-3.301282051,1.900641026,4.230769231,1632.458661,1464.094012,Mark Sanchez,Matt Schaub,30,27,72,1
11/21/2010,2010,0,,CIN,BUF,1.092948718,3.429487179,-1.724358974,3.599358974,1432.879811,1326.012323,Carson Palmer,Ryan Fitzpatrick,31,49,6,0
11/22/2010,2010,0,,LAC,DEN,3.737179487,-2.929487179,-1.836538462,6.275641026,1553.464979,1404.970309,Philip Rivers,Kyle Orton,35,14,45,1
11/25/2010,2010,0,,DAL,NO,1.900641026,4.919871795,2.28525641,-0.128205128,1527.368731,1607.965533,Jon Kitna,Drew Brees,27,30,66,0
11/25/2010,2010,0,,NYJ,CIN,1.182692308,-3.301282051,1.092948718,3.429487179,1637.475156,1388.192963,Mark Sanchez,Carson Palmer,26,10,55,1
11/25/2010,2010,0,,DET,NE,3.442307692,2.009615385,12.05128205,-1.336538462,1349.274264,1631.390644,Shaun Hill,Tom Brady,24,45,43,0
11/28/2010,2010,0,,NYG,JAX,1.054487179,-1.355769231,-1.099358974,3.182692308,1538.064508,1478.869296,Eli Manning,David Garrard,24,20,58,1
11/28/2010,2010,0,,WSH,MIN,-3.756410256,-0.349358974,-4.179487179,-2.730769231,1449.146049,1478.656794,Donovan McNabb,Brett Favre,13,17,22,0
11/28/2010,2010,0,,IND,LAC,3.256410256,-0.576923077,3.737179487,-2.929487179,1612.033671,1565.838545,Peyton Manning,Philip Rivers,14,36,88,0
11/28/2010,2010,0,,BUF,PIT,-1.724358974,3.599358974,1.923076923,-7.272435897,1370.69917,1563.466443,Ryan Fitzpatrick,Ben Roethlisberger,16,19,50,0
11/28/2010,2010,0,,CLE,CAR,-3.862179487,-2.967948718,-9.08974359,3.916666667,1436.001012,1323.784284,Jake Delhomme,Jimmy Clausen,24,23,3,1
11/28/2010,2010,0,,HOU,TEN,1.900641026,4.230769231,0.025641026,-1.855769231,1459.077516,1527.264341,Matt Schaub,Rusty Smith,20,0,26,1
11/28/2010,2010,0,,DEN,LAR,-1.836538462,6.275641026,-4.971153846,1.201923077,1392.596744,1369.571528,Kyle Orton,Sam Bradford,33,36,7,0
11/28/2010,2010,0,,SEA,KC,-3.496794872,6.21474359,0.112179487,-2.592948718,1455.864726,1465.583912,Matt Hasselbeck,Matt Cassel,24,42,37,0
11/28/2010,2010,0,,OAK,MIA,0.173076923,2.766025641,-3.096153846,-2.746794872,1469.742266,1501.69221,Bruce Gradkowski,Chad Henne,17,33,44,0
11/28/2010,2010,0,,CHI,PHI,-2.253205128,-3.657051282,5.096153846,1.067307692,1566.904321,1606.249378,Jay Cutler,Michael Vick,31,26,88,1
11/28/2010,2010,0,,ATL,GB,4.294871795,-2.926282051,3.689102564,-7.756410256,1622.546923,1629.020439,Matt Ryan,Aaron Rodgers,20,17,97,1
11/28/2010,2010,0,,BAL,TB,2.016025641,-4.08974359,-0.932692308,-0.810897436,1611.233742,1491.441301,Joe Flacco,Josh Freeman,17,10,82,1
11/29/2010,2010,0,,ARI,SF,-3.647435897,6.336538462,-5.288461538,0.233974359,1408.954672,1437.105319,Derek Anderson,Troy Smith,6,27,8,0
12/2/2010,2010,0,,PHI,HOU,5.096153846,1.067307692,1.900641026,4.230769231,1588.720777,1483.394972,Michael Vick,Matt Schaub,34,24,70,1
12/5/2010,2010,0,,LAC,OAK,3.737179487,-2.929487179,0.173076923,2.766025641,1607.548585,1439.503461,Philip Rivers,Jason Campbell,13,28,58,0
12/5/2010,2010,0,,TB,ATL,-0.932692308,-0.810897436,4.294871795,-2.926282051,1481.254793,1633.39871,Josh Freeman,Matt Ryan,24,28,84,0
12/5/2010,2010,0,,MIN,BUF,-4.179487179,-2.730769231,-1.724358974,3.599358974,1497.029103,1363.646608,Brett Favre,Ryan Fitzpatrick,38,14,16,1
12/5/2010,2010,0,,CIN,NO,1.092948718,3.429487179,2.28525641,-0.128205128,1381.08433,1617.586548,Carson Palmer,Drew Brees,30,34,42,0
12/5/2010,2010,0,,KC,DEN,0.112179487,-2.592948718,-1.836538462,6.275641026,1499.029165,1375.097239,Matt Cassel,Kyle Orton,10,6,29,1
12/5/2010,2010,0,,GB,SF,3.689102564,-7.756410256,-5.288461538,0.233974359,1618.168652,1471.963586,Aaron Rodgers,Troy Smith,34,16,67,1
12/5/2010,2010,0,,MIA,CLE,-3.096153846,-2.746794872,-3.862179487,-2.967948718,1531.931015,1439.94849,Chad Henne,Jake Delhomme,10,13,39,0
12/5/2010,2010,0,,BAL,PIT,2.016025641,-4.08974359,1.923076923,-7.272435897,1621.420251,1570.519005,Joe Flacco,Ben Roethlisberger,10,13,96,0
12/5/2010,2010,0,,TEN,JAX,0.025641026,-1.855769231,-1.099358974,3.182692308,1502.946886,1468.911048,Kerry Collins,David Garrard,6,17,34,0
12/5/2010,2010,0,,NYG,WSH,1.054487179,-1.355769231,-3.756410256,-0.349358974,1548.022757,1430.77374,Eli Manning,Donovan McNabb,31,7,42,1
12/5/2010,2010,0,,DET,CHI,3.442307692,2.009615385,-2.253205128,-3.657051282,1337.022021,1584.432922,Drew Stanton,Jay Cutler,20,24,17,0
12/5/2010,2010,0,,ARI,LAR,-3.647435897,6.336538462,-4.971153846,1.201923077,1374.096405,1387.071033,Derek Anderson,Sam Bradford,6,19,4,0
12/5/2010,2010,0,,IND,DAL,3.256410256,-0.576923077,1.900641026,4.919871795,1570.323631,1517.747716,Peyton Manning,Jon Kitna,35,38,54,0
12/5/2010,2010,0,,SEA,CAR,-3.496794872,6.21474359,-9.08974359,3.916666667,1422.419473,1319.836806,Matt Hasselbeck,Jimmy Clausen,31,14,4,1
12/6/2010,2010,0,,NE,NYJ,12.05128205,-1.336538462,1.182692308,-3.301282051,1643.642886,1644.583789,Tom Brady,Mark Sanchez,45,3,98,1
12/9/2010,2010,0,,TEN,IND,0.025641026,-1.855769231,3.256410256,-0.576923077,1473.432331,1548.79473,Kerry Collins,Peyton Manning,28,30,42,0
12/12/2010,2010,0,,WSH,TB,-3.756410256,-0.349358974,-0.932692308,-0.810897436,1416.760964,1470.314901,Donovan McNabb,Josh Freeman,16,17,20,0
12/12/2010,2010,0,,NO,LAR,2.28525641,-0.128205128,-4.971153846,1.201923077,1625.291199,1414.041725,Drew Brees,Sam Bradford,31,13,61,1
12/12/2010,2010,0,,PIT,CIN,1.923076923,-7.272435897,1.092948718,3.429487179,1588.119024,1373.379679,Ben Roethlisberger,Carson Palmer,23,7,44,1
12/12/2010,2010,0,,DAL,PHI,1.900641026,4.919871795,5.096153846,1.067307692,1539.276617,1600.178289,Jon Kitna,Michael Vick,27,30,74,0
12/12/2010,2010,0,,JAX,OAK,-1.099358974,3.182692308,0.173076923,2.766025641,1498.425603,1489.14264,David Garrard,Jason Campbell,38,31,47,1
12/12/2010,2010,0,,BUF,CLE,-1.724358974,3.599358974,-3.862179487,-2.967948718,1345.275297,1462.187532,Ryan Fitzpatrick,Jake Delhomme,13,6,9,1
12/12/2010,2010,0,,CHI,NE,-2.253205128,-3.657051282,12.05128205,-1.336538462,1590.243295,1673.310507,Jay Cutler,Tom Brady,7,36,97,0
12/12/2010,2010,0,,NYJ,MIA,1.182692308,-3.301282051,-3.096153846,-2.746794872,1614.916168,1509.691973,Mark Sanchez,Chad Henne,6,10,78,0
12/12/2010,2010,0,,DET,GB,3.442307692,2.009615385,3.689102564,-7.756410256,1331.211648,1628.07756,Drew Stanton,Aaron Rodgers,7,3,26,1
12/12/2010,2010,0,,CAR,ATL,-9.08974359,3.916666667,4.294871795,-2.926282051,1305.32281,1644.338602,Jimmy Clausen,Matt Ryan,10,31,30,0
12/12/2010,2010,0,,ARI,DEN,-3.647435897,6.336538462,-1.836538462,6.275641026,1347.125713,1367.884164,John Skelton,Kyle Orton,43,13,2,1
12/12/2010,2010,0,,SF,SEA,-5.288461538,0.233974359,-3.496794872,6.21474359,1462.054678,1436.933469,Alex Smith,Matt Hasselbeck,40,21,26,1
12/12/2010,2010,0,,LAC,KC,3.737179487,-2.929487179,0.112179487,-2.592948718,1557.909405,1506.24224,Philip Rivers,Brodie Croyle,31,0,51,1
12/13/2010,2010,1,,NYG,MIN,1.054487179,-1.355769231,-4.179487179,-2.730769231,1562.035533,1515.400414,Eli Manning,Tarvaris Jackson,21,3,67,1
12/13/2010,2010,0,,HOU,BAL,1.900641026,4.230769231,2.016025641,-4.08974359,1471.93746,1603.820232,Matt Schaub,Joe Flacco,28,34,71,0
12/16/2010,2010,0,,LAC,SF,3.737179487,-2.929487179,-5.288461538,0.233974359,1576.021236,1483.996882,Philip Rivers,Alex Smith,34,7,68,1
12/19/2010,2010,0,,TB,DET,-0.932692308,-0.810897436,3.442307692,2.009615385,1476.605654,1362.591242,Josh Freeman,Drew Stanton,20,23,10,0
12/19/2010,2010,0,,IND,JAX,3.256410256,-0.576923077,-1.099358974,3.182692308,1557.966589,1514.129358,Peyton Manning,David Garrard,34,24,68,1
12/19/2010,2010,0,,SEA,ATL,-3.496794872,6.21474359,4.294871795,-2.926282051,1414.991266,1652.284609,Matt Hasselbeck,Matt Ryan,18,34,66,0
12/19/2010,2010,0,,OAK,DEN,0.173076923,2.766025641,-1.836538462,6.275641026,1473.438886,1337.893688,Jason Campbell,Tim Tebow,39,23,6,1
12/19/2010,2010,0,,PIT,NYJ,1.923076923,-7.272435897,1.182692308,-3.301282051,1595.07359,1590.239131,Ben Roethlisberger,Mark Sanchez,17,22,91,0
12/19/2010,2010,0,,NYG,PHI,1.054487179,-1.355769231,5.096153846,1.067307692,1585.140557,1610.678138,Eli Manning,Michael Vick,31,38,92,0
12/19/2010,2010,0,,MIA,BUF,-3.096153846,-2.746794872,-1.724358974,3.599358974,1534.36901,1368.478609,Chad Henne,Ryan Fitzpatrick,14,17,26,0
12/19/2010,2010,0,,CIN,CLE,1.092948718,3.429487179,-3.862179487,-2.967948718,1366.425113,1438.984219,Carson Palmer,Colt McCoy,19,17,8,1
12/19/2010,2010,0,,CAR,ARI,-9.08974359,3.916666667,-3.647435897,6.336538462,1297.376802,1377.116189,Jimmy Clausen,John Skelton,19,12,0,1
12/19/2010,2010,0,,DAL,WSH,1.900641026,4.919871795,-3.756410256,-0.349358974,1528.776769,1410.470211,Jon Kitna,Rex Grossman,33,30,13,1
12/19/2010,2010,0,,NE,GB,12.05128205,-1.336538462,3.689102564,-7.756410256,1703.193811,1596.697966,Tom Brady,Matt Flynn,31,27,77,1
12/19/2010,2010,0,,TEN,HOU,0.025641026,-1.855769231,1.900641026,4.230769231,1464.260472,1456.452746,Kerry Collins,Matt Schaub,31,17,24,1
12/19/2010,2010,0,,BAL,NO,2.016025641,-4.08974359,2.28525641,-0.128205128,1619.304945,1635.261945,Joe Flacco,Drew Brees,30,24,96,1
12/19/2010,2010,0,,LAR,KC,-4.971153846,1.201923077,0.112179487,-2.592948718,1404.070978,1488.130409,Sam Bradford,Matt Cassel,13,27,33,0
12/20/2010,2010,0,,MIN,CHI,-4.179487179,-2.730769231,-2.253205128,-3.657051282,1492.29539,1560.359991,Brett Favre,Jay Cutler,14,40,56,0
12/23/2010,2010,0,,PIT,CAR,1.923076923,-7.272435897,-9.08974359,3.916666667,1570.166217,1320.229508,Ben Roethlisberger,Jimmy Clausen,27,3,22,1
12/25/2010,2010,0,,ARI,DAL,-3.647435897,6.336538462,1.900641026,4.919871795,1354.263483,1535.481043,John Skelton,Jon Kitna,27,26,14,1
12/26/2010,2010,0,,JAX,WSH,-1.099358974,3.182692308,-3.756410256,-0.349358974,1497.273691,1403.765936,David Garrard,Rex Grossman,17,20,16,0
12/26/2010,2010,0,,LAR,SF,-4.971153846,1.201923077,-5.288461538,0.233974359,1381.87317,1464.292335,Sam Bradford,Troy Smith,25,17,10,1
12/26/2010,2010,0,,MIA,DET,-3.096153846,-2.746794872,3.442307692,2.009615385,1511.227446,1386.73798,Chad Henne,Shaun Hill,27,34,22,0
12/26/2010,2010,0,,CIN,LAC,1.092948718,3.429487179,3.737179487,-2.929487179,1378.641124,1595.725782,Carson Palmer,Philip Rivers,34,20,37,1
12/26/2010,2010,0,,BUF,NE,-1.724358974,3.599358974,12.05128205,-1.336538462,1391.620173,1706.123263,Ryan Fitzpatrick,Tom Brady,3,34,75,0
12/26/2010,2010,0,,CHI,NYJ,-2.253205128,-3.657051282,1.182692308,-3.301282051,1589.517082,1615.146504,Jay Cutler,Mark Sanchez,38,34,90,1
12/26/2010,2010,0,,DEN,HOU,-1.836538462,6.275641026,1.900641026,4.230769231,1326.986828,1432.861374,Tim Tebow,Matt Schaub,24,23,3,1
12/26/2010,2010,0,,KC,TEN,0.112179487,-2.592948718,0.025641026,-1.855769231,1510.328218,1487.851844,Matt Cassel,Kerry Collins,34,14,50,1
12/26/2010,2010,0,,GB,NYG,3.689102564,-7.756410256,1.054487179,-1.355769231,1593.768514,1563.435518,Aaron Rodgers,Eli Manning,45,17,86,1
12/26/2010,2010,0,,CLE,BAL,-3.862179487,-2.967948718,2.016025641,-4.08974359,1426.768207,1634.93993,Colt McCoy,Joe Flacco,10,20,68,0
12/26/2010,2010,0,,TB,SEA,-0.932692308,-0.810897436,-3.496794872,6.21474359,1452.458916,1401.593989,Josh Freeman,Matt Hasselbeck,38,15,18,1
12/26/2010,2010,0,,OAK,IND,0.173076923,2.766025641,3.256410256,-0.576923077,1484.345745,1574.822256,Jason Campbell,Peyton Manning,26,31,66,0
12/27/2010,2010,0,,ATL,NO,4.294871795,-2.926282051,2.28525641,-0.128205128,1665.681886,1619.626961,Matt Ryan,Drew Brees,14,17,97,0
12/28/2010,2010,0,,PHI,MIN,5.096153846,1.067307692,-4.179487179,-2.730769231,1632.383177,1463.1383,Michael Vick,Joe Webb,14,24,54,0
1/2/2011,2010,0,,SEA,LAR,-3.496794872,6.21474359,-4.971153846,1.201923077,1383.103347,1403.352748,Charlie Whitehurst,Sam Bradford,16,6,7,1
1/2/2011,2010,0,,HOU,JAX,1.900641026,4.230769231,-1.099358974,3.182692308,1424.360579,1473.919814,Matt Schaub,Trent Edwards,34,17,13,1
1/2/2011,2010,0,,DET,MIN,3.442307692,2.009615385,-4.179487179,-2.730769231,1420.216314,1512.620114,Shaun Hill,Joe Webb,20,13,18,1
1/2/2011,2010,0,,NO,TB,2.28525641,-0.128205128,-0.932692308,-0.810897436,1639.128412,1470.949558,Drew Brees,Josh Freeman,13,23,79,0
1/2/2011,2010,0,,NYJ,BUF,1.182692308,-3.301282051,-1.724358974,3.599358974,1601.360796,1380.100564,Mark Brunell,Brian Brohm,38,7,33,1
1/2/2011,2010,0,,SF,ARI,-5.288461538,0.233974359,-3.647435897,6.336538462,1442.812757,1363.201747,Alex Smith,John Skelton,38,7,10,1
1/2/2011,2010,0,,ATL,CAR,4.294871795,-2.926282051,-9.08974359,3.916666667,1646.180435,1313.648528,Matt Ryan,Jimmy Clausen,31,10,27,1
1/2/2011,2010,0,,DEN,LAC,-1.836538462,6.275641026,3.737179487,-2.929487179,1335.487624,1553.171307,Tim Tebow,Philip Rivers,28,33,17,0
1/2/2011,2010,0,,WSH,NYG,-3.756410256,-0.349358974,1.054487179,-1.355769231,1427.119813,1539.596364,Rex Grossman,Eli Manning,14,17,27,0
1/2/2011,2010,0,,BAL,CIN,2.016025641,-4.08974359,1.092948718,3.429487179,1648.103363,1421.195599,Joe Flacco,Carson Palmer,13,7,67,1
1/2/2011,2010,0,,PHI,DAL,5.096153846,1.067307692,1.900641026,4.919871795,1582.901363,1526.54278,Kevin Kolb,Stephen McGee,13,14,36,0
1/2/2011,2010,0,,NE,MIA,12.05128205,-1.336538462,-3.096153846,-2.746794872,1717.642873,1477.749113,Tom Brady,Chad Henne,38,7,88,1
1/2/2011,2010,0,,KC,OAK,0.112179487,-2.592948718,0.173076923,2.766025641,1528.579802,1467.468533,Matt Cassel,Jason Campbell,10,31,60,0
1/2/2011,2010,0,,CLE,PIT,-3.862179487,-2.967948718,1.923076923,-7.272435897,1413.604774,1576.747197,Colt McCoy,Ben Roethlisberger,9,41,55,0
1/2/2011,2010,0,,IND,TEN,3.256410256,-0.576923077,0.025641026,-1.855769231,1591.699468,1469.60026,Peyton Manning,Kerry Collins,23,20,55,1
1/2/2011,2010,0,,GB,CHI,3.689102564,-7.756410256,-2.253205128,-3.657051282,1617.607668,1603.30279,Aaron Rodgers,Jay Cutler,10,3,95,1
